quarter,series,category,subcategory,value,unit
2010-Q1,saleable_production,Open Cut,Coking,23384051,tonnes
2010-Q2,saleable_production,Open Cut,Coking,27233864,tonnes
2010-Q3,saleable_production,Open Cut,Coking,26932341,tonnes
2010-Q4,saleable_production,Open Cut,Coking,21258601,tonnes
2011-Q1,saleable_production,Open Cut,Coking,15303856,tonnes
2011-Q2,saleable_production,Open Cut,Coking,20830499,tonnes
2011-Q3,saleable_production,Open Cut,Coking,24425910,tonnes
2011-Q4,saleable_production,Open Cut,Coking,25668842,tonnes
2012-Q1,saleable_production,Open Cut,Coking,21986560,tonnes
2012-Q2,saleable_production,Open Cut,Coking,23503974,tonnes
2012-Q3,saleable_production,Open Cut,Coking,26035179,tonnes
2012-Q4,saleable_production,Open Cut,Coking,26972962,tonnes
2013-Q1,saleable_production,Open Cut,Coking,23588656,tonnes
2013-Q2,saleable_production,Open Cut,Coking,27619046,tonnes
2013-Q3,saleable_production,Open Cut,Coking,28846166,tonnes
2013-Q4,saleable_production,Open Cut,Coking,31187848,tonnes
2014-Q1,saleable_production,Open Cut,Coking,29857890,tonnes
2014-Q2,saleable_production,Open Cut,Coking,31258367,tonnes
2014-Q3,saleable_production,Open Cut,Coking,33212913,tonnes
2014-Q4,saleable_production,Open Cut,Coking,33871877,tonnes
2015-Q1,saleable_production,Open Cut,Coking,29400677,tonnes
2015-Q2,saleable_production,Open Cut,Coking,33454381,tonnes
2015-Q3,saleable_production,Open Cut,Coking,32869263,tonnes
2015-Q4,saleable_production,Open Cut,Coking,31035664,tonnes
2016-Q1,saleable_production,Open Cut,Coking,30085813,tonnes
2016-Q2,saleable_production,Open Cut,Coking,34447469,tonnes
2016-Q3,saleable_production,Open Cut,Coking,33430439,tonnes
2016-Q4,saleable_production,Open Cut,Coking,34734448,tonnes
2017-Q1,saleable_production,Open Cut,Coking,31065452,tonnes
2017-Q2,saleable_production,Open Cut,Coking,27203807,tonnes
2017-Q3,saleable_production,Open Cut,Coking,33271404,tonnes
2017-Q4,saleable_production,Open Cut,Coking,31351074,tonnes
2018-Q1,saleable_production,Open Cut,Coking,30844034,tonnes
2018-Q2,saleable_production,Open Cut,Coking,34680625,tonnes
2018-Q3,saleable_production,Open Cut,Coking,31095894,tonnes
2018-Q4,saleable_production,Open Cut,Coking,31227053,tonnes
2019-Q1,saleable_production,Open Cut,Coking,29791808,tonnes
2019-Q2,saleable_production,Open Cut,Coking,34814412,tonnes
2019-Q3,saleable_production,Open Cut,Coking,29913408,tonnes
2019-Q4,saleable_production,Open Cut,Coking,35034375,tonnes
2020-Q1,saleable_production,Open Cut,Coking,28710505,tonnes
2020-Q2,saleable_production,Open Cut,Coking,32192387,tonnes
2020-Q3,saleable_production,Open Cut,Coking,30442825,tonnes
2020-Q4,saleable_production,Open Cut,Coking,31572577,tonnes
2021-Q1,saleable_production,Open Cut,Coking,30766023,tonnes
2021-Q2,saleable_production,Open Cut,Coking,34344840,tonnes
2021-Q3,saleable_production,Open Cut,Coking,29540989,tonnes
2021-Q4,saleable_production,Open Cut,Coking,27688537,tonnes
2022-Q1,saleable_production,Open Cut,Coking,23027896,tonnes
2022-Q2,saleable_production,Open Cut,Coking,21005608,tonnes
2022-Q3,saleable_production,Open Cut,Coking,21140625,tonnes
2022-Q4,saleable_production,Open Cut,Coking,21349030,tonnes
2023-Q1,saleable_production,Open Cut,Coking,21320490,tonnes
2023-Q2,saleable_production,Open Cut,Coking,23452317,tonnes
2023-Q3,saleable_production,Open Cut,Coking,18790349,tonnes
2023-Q4,saleable_production,Open Cut,Coking,19405659,tonnes
2024-Q1,saleable_production,Open Cut,Coking,19468476,tonnes
2024-Q2,saleable_production,Open Cut,Coking,23048982,tonnes
2024-Q3,saleable_production,Open Cut,Coking,22568689,tonnes
2024-Q4,saleable_production,Open Cut,Coking,20993910,tonnes
2025-Q1,saleable_production,Open Cut,Coking,18534182,tonnes
2025-Q2,saleable_production,Open Cut,Coking,22556339,tonnes
2025-Q3,saleable_production,Open Cut,Coking,21663757,tonnes
2025-Q4,saleable_production,Open Cut,Coking,20670666,tonnes
2026-Q1,saleable_production,Open Cut,Coking,17290965,tonnes
2010-Q1,saleable_production,Open Cut,PCI,0,tonnes
2010-Q2,saleable_production,Open Cut,PCI,0,tonnes
2010-Q3,saleable_production,Open Cut,PCI,0,tonnes
2010-Q4,saleable_production,Open Cut,PCI,0,tonnes
2011-Q1,saleable_production,Open Cut,PCI,0,tonnes
2011-Q2,saleable_production,Open Cut,PCI,0,tonnes
2011-Q3,saleable_production,Open Cut,PCI,0,tonnes
2011-Q4,saleable_production,Open Cut,PCI,0,tonnes
2012-Q1,saleable_production,Open Cut,PCI,0,tonnes
2012-Q2,saleable_production,Open Cut,PCI,0,tonnes
2012-Q3,saleable_production,Open Cut,PCI,0,tonnes
2012-Q4,saleable_production,Open Cut,PCI,0,tonnes
2013-Q1,saleable_production,Open Cut,PCI,0,tonnes
2013-Q2,saleable_production,Open Cut,PCI,0,tonnes
2013-Q3,saleable_production,Open Cut,PCI,0,tonnes
2013-Q4,saleable_production,Open Cut,PCI,0,tonnes
2014-Q1,saleable_production,Open Cut,PCI,0,tonnes
2014-Q2,saleable_production,Open Cut,PCI,0,tonnes
2014-Q3,saleable_production,Open Cut,PCI,0,tonnes
2014-Q4,saleable_production,Open Cut,PCI,0,tonnes
2015-Q1,saleable_production,Open Cut,PCI,0,tonnes
2015-Q2,saleable_production,Open Cut,PCI,0,tonnes
2015-Q3,saleable_production,Open Cut,PCI,0,tonnes
2015-Q4,saleable_production,Open Cut,PCI,0,tonnes
2016-Q1,saleable_production,Open Cut,PCI,0,tonnes
2016-Q2,saleable_production,Open Cut,PCI,0,tonnes
2016-Q3,saleable_production,Open Cut,PCI,0,tonnes
2016-Q4,saleable_production,Open Cut,PCI,0,tonnes
2017-Q1,saleable_production,Open Cut,PCI,0,tonnes
2017-Q2,saleable_production,Open Cut,PCI,0,tonnes
2017-Q3,saleable_production,Open Cut,PCI,0,tonnes
2017-Q4,saleable_production,Open Cut,PCI,0,tonnes
2018-Q1,saleable_production,Open Cut,PCI,0,tonnes
2018-Q2,saleable_production,Open Cut,PCI,0,tonnes
2018-Q3,saleable_production,Open Cut,PCI,0,tonnes
2018-Q4,saleable_production,Open Cut,PCI,0,tonnes
2019-Q1,saleable_production,Open Cut,PCI,0,tonnes
2019-Q2,saleable_production,Open Cut,PCI,0,tonnes
2019-Q3,saleable_production,Open Cut,PCI,0,tonnes
2019-Q4,saleable_production,Open Cut,PCI,0,tonnes
2020-Q1,saleable_production,Open Cut,PCI,0,tonnes
2020-Q2,saleable_production,Open Cut,PCI,0,tonnes
2020-Q3,saleable_production,Open Cut,PCI,0,tonnes
2020-Q4,saleable_production,Open Cut,PCI,0,tonnes
2021-Q1,saleable_production,Open Cut,PCI,0,tonnes
2021-Q2,saleable_production,Open Cut,PCI,0,tonnes
2021-Q3,saleable_production,Open Cut,PCI,0,tonnes
2021-Q4,saleable_production,Open Cut,PCI,0,tonnes
2022-Q1,saleable_production,Open Cut,PCI,7763709,tonnes
2022-Q2,saleable_production,Open Cut,PCI,7886898,tonnes
2022-Q3,saleable_production,Open Cut,PCI,8019737,tonnes
2022-Q4,saleable_production,Open Cut,PCI,8496375,tonnes
2023-Q1,saleable_production,Open Cut,PCI,6801290,tonnes
2023-Q2,saleable_production,Open Cut,PCI,7807254,tonnes
2023-Q3,saleable_production,Open Cut,PCI,9077517,tonnes
2023-Q4,saleable_production,Open Cut,PCI,9327415,tonnes
2024-Q1,saleable_production,Open Cut,PCI,7838468,tonnes
2024-Q2,saleable_production,Open Cut,PCI,7856558,tonnes
2024-Q3,saleable_production,Open Cut,PCI,8619733,tonnes
2024-Q4,saleable_production,Open Cut,PCI,9130928,tonnes
2025-Q1,saleable_production,Open Cut,PCI,8098689,tonnes
2025-Q2,saleable_production,Open Cut,PCI,9043210,tonnes
2025-Q3,saleable_production,Open Cut,PCI,9845107,tonnes
2025-Q4,saleable_production,Open Cut,PCI,10169204,tonnes
2026-Q1,saleable_production,Open Cut,PCI,8193353,tonnes
2010-Q1,saleable_production,Open Cut,Thermal,17325723,tonnes
2010-Q2,saleable_production,Open Cut,Thermal,20786305,tonnes
2010-Q3,saleable_production,Open Cut,Thermal,19819742,tonnes
2010-Q4,saleable_production,Open Cut,Thermal,18244680,tonnes
2011-Q1,saleable_production,Open Cut,Thermal,14419741,tonnes
2011-Q2,saleable_production,Open Cut,Thermal,18056249,tonnes
2011-Q3,saleable_production,Open Cut,Thermal,17742634,tonnes
2011-Q4,saleable_production,Open Cut,Thermal,17756894,tonnes
2012-Q1,saleable_production,Open Cut,Thermal,16236162,tonnes
2012-Q2,saleable_production,Open Cut,Thermal,16920258,tonnes
2012-Q3,saleable_production,Open Cut,Thermal,18458784,tonnes
2012-Q4,saleable_production,Open Cut,Thermal,18945694,tonnes
2013-Q1,saleable_production,Open Cut,Thermal,14436659,tonnes
2013-Q2,saleable_production,Open Cut,Thermal,19505005,tonnes
2013-Q3,saleable_production,Open Cut,Thermal,19954421,tonnes
2013-Q4,saleable_production,Open Cut,Thermal,17444578,tonnes
2014-Q1,saleable_production,Open Cut,Thermal,16961945,tonnes
2014-Q2,saleable_production,Open Cut,Thermal,18999110,tonnes
2014-Q3,saleable_production,Open Cut,Thermal,20455593,tonnes
2014-Q4,saleable_production,Open Cut,Thermal,18788098,tonnes
2015-Q1,saleable_production,Open Cut,Thermal,18298412,tonnes
2015-Q2,saleable_production,Open Cut,Thermal,19967087,tonnes
2015-Q3,saleable_production,Open Cut,Thermal,20706074,tonnes
2015-Q4,saleable_production,Open Cut,Thermal,19998103,tonnes
2016-Q1,saleable_production,Open Cut,Thermal,20029455,tonnes
2016-Q2,saleable_production,Open Cut,Thermal,19931482,tonnes
2016-Q3,saleable_production,Open Cut,Thermal,21390908,tonnes
2016-Q4,saleable_production,Open Cut,Thermal,21257119,tonnes
2017-Q1,saleable_production,Open Cut,Thermal,19910714,tonnes
2017-Q2,saleable_production,Open Cut,Thermal,19262541,tonnes
2017-Q3,saleable_production,Open Cut,Thermal,21934228,tonnes
2017-Q4,saleable_production,Open Cut,Thermal,22566491,tonnes
2018-Q1,saleable_production,Open Cut,Thermal,21554420,tonnes
2018-Q2,saleable_production,Open Cut,Thermal,22502343,tonnes
2018-Q3,saleable_production,Open Cut,Thermal,24887327,tonnes
2018-Q4,saleable_production,Open Cut,Thermal,22888986,tonnes
2019-Q1,saleable_production,Open Cut,Thermal,22357912,tonnes
2019-Q2,saleable_production,Open Cut,Thermal,22352254,tonnes
2019-Q3,saleable_production,Open Cut,Thermal,21984234,tonnes
2019-Q4,saleable_production,Open Cut,Thermal,20963575,tonnes
2020-Q1,saleable_production,Open Cut,Thermal,21569338,tonnes
2020-Q2,saleable_production,Open Cut,Thermal,21321040,tonnes
2020-Q3,saleable_production,Open Cut,Thermal,16858688,tonnes
2020-Q4,saleable_production,Open Cut,Thermal,17947097,tonnes
2021-Q1,saleable_production,Open Cut,Thermal,18163902,tonnes
2021-Q2,saleable_production,Open Cut,Thermal,18240483,tonnes
2021-Q3,saleable_production,Open Cut,Thermal,21569031,tonnes
2021-Q4,saleable_production,Open Cut,Thermal,18670732,tonnes
2022-Q1,saleable_production,Open Cut,Thermal,19889269,tonnes
2022-Q2,saleable_production,Open Cut,Thermal,20927736,tonnes
2022-Q3,saleable_production,Open Cut,Thermal,19912291,tonnes
2022-Q4,saleable_production,Open Cut,Thermal,20481198,tonnes
2023-Q1,saleable_production,Open Cut,Thermal,19332975,tonnes
2023-Q2,saleable_production,Open Cut,Thermal,22627693,tonnes
2023-Q3,saleable_production,Open Cut,Thermal,22765897,tonnes
2023-Q4,saleable_production,Open Cut,Thermal,22002924,tonnes
2024-Q1,saleable_production,Open Cut,Thermal,20279144,tonnes
2024-Q2,saleable_production,Open Cut,Thermal,22201016,tonnes
2024-Q3,saleable_production,Open Cut,Thermal,21785063,tonnes
2024-Q4,saleable_production,Open Cut,Thermal,23901303,tonnes
2025-Q1,saleable_production,Open Cut,Thermal,19439919,tonnes
2025-Q2,saleable_production,Open Cut,Thermal,22486921,tonnes
2025-Q3,saleable_production,Open Cut,Thermal,24583595,tonnes
2025-Q4,saleable_production,Open Cut,Thermal,23935920,tonnes
2026-Q1,saleable_production,Open Cut,Thermal,19366526,tonnes
2010-Q1,saleable_production,Underground,Coking,6413976,tonnes
2010-Q2,saleable_production,Underground,Coking,6957222,tonnes
2010-Q3,saleable_production,Underground,Coking,6667376,tonnes
2010-Q4,saleable_production,Underground,Coking,6283630,tonnes
2011-Q1,saleable_production,Underground,Coking,5868722,tonnes
2011-Q2,saleable_production,Underground,Coking,5585589,tonnes
2011-Q3,saleable_production,Underground,Coking,5583254,tonnes
2011-Q4,saleable_production,Underground,Coking,5599996,tonnes
2012-Q1,saleable_production,Underground,Coking,4021580,tonnes
2012-Q2,saleable_production,Underground,Coking,6210225,tonnes
2012-Q3,saleable_production,Underground,Coking,5196083,tonnes
2012-Q4,saleable_production,Underground,Coking,6291798,tonnes
2013-Q1,saleable_production,Underground,Coking,7866910,tonnes
2013-Q2,saleable_production,Underground,Coking,7615342,tonnes
2013-Q3,saleable_production,Underground,Coking,7521967,tonnes
2013-Q4,saleable_production,Underground,Coking,8096155,tonnes
2014-Q1,saleable_production,Underground,Coking,7949373,tonnes
2014-Q2,saleable_production,Underground,Coking,7708669,tonnes
2014-Q3,saleable_production,Underground,Coking,7763120,tonnes
2014-Q4,saleable_production,Underground,Coking,8070066,tonnes
2015-Q1,saleable_production,Underground,Coking,8968478,tonnes
2015-Q2,saleable_production,Underground,Coking,8800521,tonnes
2015-Q3,saleable_production,Underground,Coking,8319662,tonnes
2015-Q4,saleable_production,Underground,Coking,8788155,tonnes
2016-Q1,saleable_production,Underground,Coking,6350978,tonnes
2016-Q2,saleable_production,Underground,Coking,6792769,tonnes
2016-Q3,saleable_production,Underground,Coking,6958166,tonnes
2016-Q4,saleable_production,Underground,Coking,7287359,tonnes
2017-Q1,saleable_production,Underground,Coking,8169735,tonnes
2017-Q2,saleable_production,Underground,Coking,5716202,tonnes
2017-Q3,saleable_production,Underground,Coking,8168399,tonnes
2017-Q4,saleable_production,Underground,Coking,7349826,tonnes
2018-Q1,saleable_production,Underground,Coking,7085682,tonnes
2018-Q2,saleable_production,Underground,Coking,7131490,tonnes
2018-Q3,saleable_production,Underground,Coking,7350913,tonnes
2018-Q4,saleable_production,Underground,Coking,7094805,tonnes
2019-Q1,saleable_production,Underground,Coking,6203366,tonnes
2019-Q2,saleable_production,Underground,Coking,8311209,tonnes
2019-Q3,saleable_production,Underground,Coking,8000506,tonnes
2019-Q4,saleable_production,Underground,Coking,8128274,tonnes
2020-Q1,saleable_production,Underground,Coking,5776747,tonnes
2020-Q2,saleable_production,Underground,Coking,5079574,tonnes
2020-Q3,saleable_production,Underground,Coking,5772377,tonnes
2020-Q4,saleable_production,Underground,Coking,6105312,tonnes
2021-Q1,saleable_production,Underground,Coking,4829916,tonnes
2021-Q2,saleable_production,Underground,Coking,4513390,tonnes
2021-Q3,saleable_production,Underground,Coking,5356390,tonnes
2021-Q4,saleable_production,Underground,Coking,5725647,tonnes
2022-Q1,saleable_production,Underground,Coking,3732591,tonnes
2022-Q2,saleable_production,Underground,Coking,4056153,tonnes
2022-Q3,saleable_production,Underground,Coking,6404671,tonnes
2022-Q4,saleable_production,Underground,Coking,5317847,tonnes
2023-Q1,saleable_production,Underground,Coking,4783941,tonnes
2023-Q2,saleable_production,Underground,Coking,3831023,tonnes
2023-Q3,saleable_production,Underground,Coking,4834374,tonnes
2023-Q4,saleable_production,Underground,Coking,5607119,tonnes
2024-Q1,saleable_production,Underground,Coking,4111992,tonnes
2024-Q2,saleable_production,Underground,Coking,5734962,tonnes
2024-Q3,saleable_production,Underground,Coking,5060593,tonnes
2024-Q4,saleable_production,Underground,Coking,2377952,tonnes
2025-Q1,saleable_production,Underground,Coking,3580426,tonnes
2025-Q2,saleable_production,Underground,Coking,3285274,tonnes
2025-Q3,saleable_production,Underground,Coking,3800041,tonnes
2025-Q4,saleable_production,Underground,Coking,4591875,tonnes
2026-Q1,saleable_production,Underground,Coking,3389354,tonnes
2010-Q1,saleable_production,Underground,PCI,0,tonnes
2010-Q2,saleable_production,Underground,PCI,0,tonnes
2010-Q3,saleable_production,Underground,PCI,0,tonnes
2010-Q4,saleable_production,Underground,PCI,0,tonnes
2011-Q1,saleable_production,Underground,PCI,0,tonnes
2011-Q2,saleable_production,Underground,PCI,0,tonnes
2011-Q3,saleable_production,Underground,PCI,0,tonnes
2011-Q4,saleable_production,Underground,PCI,0,tonnes
2012-Q1,saleable_production,Underground,PCI,0,tonnes
2012-Q2,saleable_production,Underground,PCI,0,tonnes
2012-Q3,saleable_production,Underground,PCI,0,tonnes
2012-Q4,saleable_production,Underground,PCI,0,tonnes
2013-Q1,saleable_production,Underground,PCI,0,tonnes
2013-Q2,saleable_production,Underground,PCI,0,tonnes
2013-Q3,saleable_production,Underground,PCI,0,tonnes
2013-Q4,saleable_production,Underground,PCI,0,tonnes
2014-Q1,saleable_production,Underground,PCI,0,tonnes
2014-Q2,saleable_production,Underground,PCI,0,tonnes
2014-Q3,saleable_production,Underground,PCI,0,tonnes
2014-Q4,saleable_production,Underground,PCI,0,tonnes
2015-Q1,saleable_production,Underground,PCI,0,tonnes
2015-Q2,saleable_production,Underground,PCI,0,tonnes
2015-Q3,saleable_production,Underground,PCI,0,tonnes
2015-Q4,saleable_production,Underground,PCI,0,tonnes
2016-Q1,saleable_production,Underground,PCI,0,tonnes
2016-Q2,saleable_production,Underground,PCI,0,tonnes
2016-Q3,saleable_production,Underground,PCI,0,tonnes
2016-Q4,saleable_production,Underground,PCI,0,tonnes
2017-Q1,saleable_production,Underground,PCI,0,tonnes
2017-Q2,saleable_production,Underground,PCI,0,tonnes
2017-Q3,saleable_production,Underground,PCI,0,tonnes
2017-Q4,saleable_production,Underground,PCI,0,tonnes
2018-Q1,saleable_production,Underground,PCI,0,tonnes
2018-Q2,saleable_production,Underground,PCI,0,tonnes
2018-Q3,saleable_production,Underground,PCI,0,tonnes
2018-Q4,saleable_production,Underground,PCI,0,tonnes
2019-Q1,saleable_production,Underground,PCI,0,tonnes
2019-Q2,saleable_production,Underground,PCI,0,tonnes
2019-Q3,saleable_production,Underground,PCI,0,tonnes
2019-Q4,saleable_production,Underground,PCI,0,tonnes
2020-Q1,saleable_production,Underground,PCI,0,tonnes
2020-Q2,saleable_production,Underground,PCI,0,tonnes
2020-Q3,saleable_production,Underground,PCI,0,tonnes
2020-Q4,saleable_production,Underground,PCI,0,tonnes
2021-Q1,saleable_production,Underground,PCI,0,tonnes
2021-Q2,saleable_production,Underground,PCI,0,tonnes
2021-Q3,saleable_production,Underground,PCI,0,tonnes
2021-Q4,saleable_production,Underground,PCI,0,tonnes
2022-Q1,saleable_production,Underground,PCI,77520,tonnes
2022-Q2,saleable_production,Underground,PCI,75219,tonnes
2022-Q3,saleable_production,Underground,PCI,92177,tonnes
2022-Q4,saleable_production,Underground,PCI,135369,tonnes
2023-Q1,saleable_production,Underground,PCI,56431,tonnes
2023-Q2,saleable_production,Underground,PCI,56575,tonnes
2023-Q3,saleable_production,Underground,PCI,31870,tonnes
2023-Q4,saleable_production,Underground,PCI,112091,tonnes
2024-Q1,saleable_production,Underground,PCI,33003,tonnes
2024-Q2,saleable_production,Underground,PCI,85850,tonnes
2024-Q3,saleable_production,Underground,PCI,63370,tonnes
2024-Q4,saleable_production,Underground,PCI,45851,tonnes
2025-Q1,saleable_production,Underground,PCI,24191,tonnes
2025-Q2,saleable_production,Underground,PCI,56251,tonnes
2025-Q3,saleable_production,Underground,PCI,58458,tonnes
2025-Q4,saleable_production,Underground,PCI,84165,tonnes
2026-Q1,saleable_production,Underground,PCI,69465,tonnes
2010-Q1,saleable_production,Underground,Thermal,180911,tonnes
2010-Q2,saleable_production,Underground,Thermal,259103,tonnes
2010-Q3,saleable_production,Underground,Thermal,198105,tonnes
2010-Q4,saleable_production,Underground,Thermal,155510,tonnes
2011-Q1,saleable_production,Underground,Thermal,140430,tonnes
2011-Q2,saleable_production,Underground,Thermal,68562,tonnes
2011-Q3,saleable_production,Underground,Thermal,142348,tonnes
2011-Q4,saleable_production,Underground,Thermal,92382,tonnes
2012-Q1,saleable_production,Underground,Thermal,80478,tonnes
2012-Q2,saleable_production,Underground,Thermal,138268,tonnes
2012-Q3,saleable_production,Underground,Thermal,118132,tonnes
2012-Q4,saleable_production,Underground,Thermal,102026,tonnes
2013-Q1,saleable_production,Underground,Thermal,217951,tonnes
2013-Q2,saleable_production,Underground,Thermal,127774,tonnes
2013-Q3,saleable_production,Underground,Thermal,485712,tonnes
2013-Q4,saleable_production,Underground,Thermal,107215,tonnes
2014-Q1,saleable_production,Underground,Thermal,107422,tonnes
2014-Q2,saleable_production,Underground,Thermal,127676,tonnes
2014-Q3,saleable_production,Underground,Thermal,129430,tonnes
2014-Q4,saleable_production,Underground,Thermal,170649,tonnes
2015-Q1,saleable_production,Underground,Thermal,171374,tonnes
2015-Q2,saleable_production,Underground,Thermal,201959,tonnes
2015-Q3,saleable_production,Underground,Thermal,138093,tonnes
2015-Q4,saleable_production,Underground,Thermal,248422,tonnes
2016-Q1,saleable_production,Underground,Thermal,187221,tonnes
2016-Q2,saleable_production,Underground,Thermal,168659,tonnes
2016-Q3,saleable_production,Underground,Thermal,334400,tonnes
2016-Q4,saleable_production,Underground,Thermal,273088,tonnes
2017-Q1,saleable_production,Underground,Thermal,167592,tonnes
2017-Q2,saleable_production,Underground,Thermal,174793,tonnes
2017-Q3,saleable_production,Underground,Thermal,263851,tonnes
2017-Q4,saleable_production,Underground,Thermal,200612,tonnes
2018-Q1,saleable_production,Underground,Thermal,76635,tonnes
2018-Q2,saleable_production,Underground,Thermal,227765,tonnes
2018-Q3,saleable_production,Underground,Thermal,189666,tonnes
2018-Q4,saleable_production,Underground,Thermal,114138,tonnes
2019-Q1,saleable_production,Underground,Thermal,294535,tonnes
2019-Q2,saleable_production,Underground,Thermal,205168,tonnes
2019-Q3,saleable_production,Underground,Thermal,156049,tonnes
2019-Q4,saleable_production,Underground,Thermal,303574,tonnes
2020-Q1,saleable_production,Underground,Thermal,378271,tonnes
2020-Q2,saleable_production,Underground,Thermal,263946,tonnes
2020-Q3,saleable_production,Underground,Thermal,155942,tonnes
2020-Q4,saleable_production,Underground,Thermal,426861,tonnes
2021-Q1,saleable_production,Underground,Thermal,363575,tonnes
2021-Q2,saleable_production,Underground,Thermal,367377,tonnes
2021-Q3,saleable_production,Underground,Thermal,271714,tonnes
2021-Q4,saleable_production,Underground,Thermal,394402,tonnes
2022-Q1,saleable_production,Underground,Thermal,390332,tonnes
2022-Q2,saleable_production,Underground,Thermal,340679,tonnes
2022-Q3,saleable_production,Underground,Thermal,457666,tonnes
2022-Q4,saleable_production,Underground,Thermal,369247,tonnes
2023-Q1,saleable_production,Underground,Thermal,279854,tonnes
2023-Q2,saleable_production,Underground,Thermal,350627,tonnes
2023-Q3,saleable_production,Underground,Thermal,403463,tonnes
2023-Q4,saleable_production,Underground,Thermal,348389,tonnes
2024-Q1,saleable_production,Underground,Thermal,181463,tonnes
2024-Q2,saleable_production,Underground,Thermal,283185,tonnes
2024-Q3,saleable_production,Underground,Thermal,350685,tonnes
2024-Q4,saleable_production,Underground,Thermal,157589,tonnes
2025-Q1,saleable_production,Underground,Thermal,214472,tonnes
2025-Q2,saleable_production,Underground,Thermal,281976,tonnes
2025-Q3,saleable_production,Underground,Thermal,299925,tonnes
2025-Q4,saleable_production,Underground,Thermal,498441,tonnes
2026-Q1,saleable_production,Underground,Thermal,283315,tonnes
2010-Q1,raw_production,Open Cut,,47936053,tonnes
2010-Q2,raw_production,Open Cut,,59310655,tonnes
2010-Q3,raw_production,Open Cut,,58781459,tonnes
2010-Q4,raw_production,Open Cut,,47213391,tonnes
2011-Q1,raw_production,Open Cut,,37630992,tonnes
2011-Q2,raw_production,Open Cut,,51855185,tonnes
2011-Q3,raw_production,Open Cut,,55919004,tonnes
2011-Q4,raw_production,Open Cut,,57852195,tonnes
2012-Q1,raw_production,Open Cut,,44966372,tonnes
2012-Q2,raw_production,Open Cut,,53224301,tonnes
2012-Q3,raw_production,Open Cut,,58596797,tonnes
2012-Q4,raw_production,Open Cut,,59923051,tonnes
2013-Q1,raw_production,Open Cut,,49293068,tonnes
2013-Q2,raw_production,Open Cut,,61366620,tonnes
2013-Q3,raw_production,Open Cut,,62220470,tonnes
2013-Q4,raw_production,Open Cut,,58562104,tonnes
2014-Q1,raw_production,Open Cut,,57413167,tonnes
2014-Q2,raw_production,Open Cut,,68608665,tonnes
2014-Q3,raw_production,Open Cut,,66664714,tonnes
2014-Q4,raw_production,Open Cut,,63861578,tonnes
2015-Q1,raw_production,Open Cut,,58572898,tonnes
2015-Q2,raw_production,Open Cut,,67241251,tonnes
2015-Q3,raw_production,Open Cut,,66534782,tonnes
2015-Q4,raw_production,Open Cut,,65177069,tonnes
2016-Q1,raw_production,Open Cut,,57335561,tonnes
2016-Q2,raw_production,Open Cut,,69563242,tonnes
2016-Q3,raw_production,Open Cut,,67722832,tonnes
2016-Q4,raw_production,Open Cut,,67158317,tonnes
2017-Q1,raw_production,Open Cut,,61060617,tonnes
2017-Q2,raw_production,Open Cut,,59695233,tonnes
2017-Q3,raw_production,Open Cut,,68943799,tonnes
2017-Q4,raw_production,Open Cut,,66516886,tonnes
2018-Q1,raw_production,Open Cut,,62064192,tonnes
2018-Q2,raw_production,Open Cut,,70996939,tonnes
2018-Q3,raw_production,Open Cut,,66190062,tonnes
2018-Q4,raw_production,Open Cut,,66670221,tonnes
2019-Q1,raw_production,Open Cut,,61377029,tonnes
2019-Q2,raw_production,Open Cut,,73215120,tonnes
2019-Q3,raw_production,Open Cut,,64025306,tonnes
2019-Q4,raw_production,Open Cut,,70775464,tonnes
2020-Q1,raw_production,Open Cut,,58738894,tonnes
2020-Q2,raw_production,Open Cut,,66139244,tonnes
2020-Q3,raw_production,Open Cut,,63699791,tonnes
2020-Q4,raw_production,Open Cut,,62441367,tonnes
2021-Q1,raw_production,Open Cut,,62272687,tonnes
2021-Q2,raw_production,Open Cut,,66879556,tonnes
2021-Q3,raw_production,Open Cut,,61266511,tonnes
2021-Q4,raw_production,Open Cut,,56079172,tonnes
2022-Q1,raw_production,Open Cut,,63076825,tonnes
2022-Q2,raw_production,Open Cut,,59525341,tonnes
2022-Q3,raw_production,Open Cut,,62681206,tonnes
2022-Q4,raw_production,Open Cut,,64057169,tonnes
2023-Q1,raw_production,Open Cut,,58235715,tonnes
2023-Q2,raw_production,Open Cut,,69470264,tonnes
2023-Q3,raw_production,Open Cut,,64240628,tonnes
2023-Q4,raw_production,Open Cut,,64643615,tonnes
2024-Q1,raw_production,Open Cut,,59764188,tonnes
2024-Q2,raw_production,Open Cut,,68358932,tonnes
2024-Q3,raw_production,Open Cut,,69954654,tonnes
2024-Q4,raw_production,Open Cut,,68576847,tonnes
2025-Q1,raw_production,Open Cut,,57297101,tonnes
2025-Q2,raw_production,Open Cut,,72940201,tonnes
2025-Q3,raw_production,Open Cut,,74735029,tonnes
2025-Q4,raw_production,Open Cut,,72096979,tonnes
2026-Q1,raw_production,Open Cut,,57844494,tonnes
2010-Q1,raw_production,Underground,,12205654,tonnes
2010-Q2,raw_production,Underground,,11199125,tonnes
2010-Q3,raw_production,Underground,,11372689,tonnes
2010-Q4,raw_production,Underground,,8087764,tonnes
2011-Q1,raw_production,Underground,,9386879,tonnes
2011-Q2,raw_production,Underground,,9174848,tonnes
2011-Q3,raw_production,Underground,,8881952,tonnes
2011-Q4,raw_production,Underground,,8433332,tonnes
2012-Q1,raw_production,Underground,,7811542,tonnes
2012-Q2,raw_production,Underground,,10113985,tonnes
2012-Q3,raw_production,Underground,,9661798,tonnes
2012-Q4,raw_production,Underground,,11392279,tonnes
2013-Q1,raw_production,Underground,,10938630,tonnes
2013-Q2,raw_production,Underground,,11230506,tonnes
2013-Q3,raw_production,Underground,,10917165,tonnes
2013-Q4,raw_production,Underground,,12407248,tonnes
2014-Q1,raw_production,Underground,,10329845,tonnes
2014-Q2,raw_production,Underground,,11160696,tonnes
2014-Q3,raw_production,Underground,,10761667,tonnes
2014-Q4,raw_production,Underground,,12720936,tonnes
2015-Q1,raw_production,Underground,,13826750,tonnes
2015-Q2,raw_production,Underground,,14164289,tonnes
2015-Q3,raw_production,Underground,,12605877,tonnes
2015-Q4,raw_production,Underground,,13308486,tonnes
2016-Q1,raw_production,Underground,,12138170,tonnes
2016-Q2,raw_production,Underground,,12175043,tonnes
2016-Q3,raw_production,Underground,,13436721,tonnes
2016-Q4,raw_production,Underground,,13494804,tonnes
2017-Q1,raw_production,Underground,,12942535,tonnes
2017-Q2,raw_production,Underground,,9673889,tonnes
2017-Q3,raw_production,Underground,,14411135,tonnes
2017-Q4,raw_production,Underground,,11470775,tonnes
2018-Q1,raw_production,Underground,,11439458,tonnes
2018-Q2,raw_production,Underground,,13513681,tonnes
2018-Q3,raw_production,Underground,,14397196,tonnes
2018-Q4,raw_production,Underground,,9607724,tonnes
2019-Q1,raw_production,Underground,,11190806,tonnes
2019-Q2,raw_production,Underground,,13582347,tonnes
2019-Q3,raw_production,Underground,,13390640,tonnes
2019-Q4,raw_production,Underground,,14352001,tonnes
2020-Q1,raw_production,Underground,,10148597,tonnes
2020-Q2,raw_production,Underground,,8829298,tonnes
2020-Q3,raw_production,Underground,,9611929,tonnes
2020-Q4,raw_production,Underground,,13112031,tonnes
2021-Q1,raw_production,Underground,,8126192,tonnes
2021-Q2,raw_production,Underground,,9494998,tonnes
2021-Q3,raw_production,Underground,,9088226,tonnes
2021-Q4,raw_production,Underground,,9576374,tonnes
2022-Q1,raw_production,Underground,,8495361,tonnes
2022-Q2,raw_production,Underground,,9950376,tonnes
2022-Q3,raw_production,Underground,,12057226,tonnes
2022-Q4,raw_production,Underground,,10590820,tonnes
2023-Q1,raw_production,Underground,,11175732,tonnes
2023-Q2,raw_production,Underground,,8303011,tonnes
2023-Q3,raw_production,Underground,,9152758,tonnes
2023-Q4,raw_production,Underground,,11381871,tonnes
2024-Q1,raw_production,Underground,,9107241,tonnes
2024-Q2,raw_production,Underground,,11869485,tonnes
2024-Q3,raw_production,Underground,,9478612,tonnes
2024-Q4,raw_production,Underground,,5811097,tonnes
2025-Q1,raw_production,Underground,,8320448,tonnes
2025-Q2,raw_production,Underground,,8246265,tonnes
2025-Q3,raw_production,Underground,,9044302,tonnes
2025-Q4,raw_production,Underground,,9519050,tonnes
2026-Q1,raw_production,Underground,,7545919,tonnes
2010-Q1,overburden_removed,,,333612181,bank cubic metres
2010-Q2,overburden_removed,,,422062241,bank cubic metres
2010-Q3,overburden_removed,,,406272802,bank cubic metres
2010-Q4,overburden_removed,,,331560179,bank cubic metres
2011-Q1,overburden_removed,,,332700003,bank cubic metres
2011-Q2,overburden_removed,,,389874640,bank cubic metres
2011-Q3,overburden_removed,,,456369688,bank cubic metres
2011-Q4,overburden_removed,,,400761512,bank cubic metres
2012-Q1,overburden_removed,,,386496653,bank cubic metres
2012-Q2,overburden_removed,,,427054803,bank cubic metres
2012-Q3,overburden_removed,,,491063358,bank cubic metres
2012-Q4,overburden_removed,,,511423813,bank cubic metres
2013-Q1,overburden_removed,,,473803492,bank cubic metres
2013-Q2,overburden_removed,,,454744487,bank cubic metres
2013-Q3,overburden_removed,,,544998608,bank cubic metres
2013-Q4,overburden_removed,,,484480097,bank cubic metres
2014-Q1,overburden_removed,,,477104100,bank cubic metres
2014-Q2,overburden_removed,,,534770844,bank cubic metres
2014-Q3,overburden_removed,,,529890323,bank cubic metres
2014-Q4,overburden_removed,,,483363072,bank cubic metres
2015-Q1,overburden_removed,,,434958557,bank cubic metres
2015-Q2,overburden_removed,,,515922771,bank cubic metres
2015-Q3,overburden_removed,,,513118216,bank cubic metres
2015-Q4,overburden_removed,,,476938599,bank cubic metres
2016-Q1,overburden_removed,,,443992064,bank cubic metres
2016-Q2,overburden_removed,,,508345483,bank cubic metres
2016-Q3,overburden_removed,,,487554478,bank cubic metres
2016-Q4,overburden_removed,,,481642272,bank cubic metres
2017-Q1,overburden_removed,,,453239162,bank cubic metres
2017-Q2,overburden_removed,,,505059516,bank cubic metres
2017-Q3,overburden_removed,,,531966301,bank cubic metres
2017-Q4,overburden_removed,,,457968814,bank cubic metres
2018-Q1,overburden_removed,,,472739921,bank cubic metres
2018-Q2,overburden_removed,,,514433396,bank cubic metres
2018-Q3,overburden_removed,,,514121783,bank cubic metres
2018-Q4,overburden_removed,,,485276981,bank cubic metres
2019-Q1,overburden_removed,,,479876986,bank cubic metres
2019-Q2,overburden_removed,,,530490714,bank cubic metres
2019-Q3,overburden_removed,,,543428328,bank cubic metres
2019-Q4,overburden_removed,,,533580869,bank cubic metres
2020-Q1,overburden_removed,,,463513284,bank cubic metres
2020-Q2,overburden_removed,,,519066181,bank cubic metres
2020-Q3,overburden_removed,,,524569786,bank cubic metres
2020-Q4,overburden_removed,,,489413801,bank cubic metres
2021-Q1,overburden_removed,,,456900662,bank cubic metres
2021-Q2,overburden_removed,,,500436864,bank cubic metres
2021-Q3,overburden_removed,,,527679406,bank cubic metres
2021-Q4,overburden_removed,,,453937372,bank cubic metres
2022-Q1,overburden_removed,,,499573289,bank cubic metres
2022-Q2,overburden_removed,,,482634475,bank cubic metres
2022-Q3,overburden_removed,,,512548180,bank cubic metres
2022-Q4,overburden_removed,,,491166123,bank cubic metres
2023-Q1,overburden_removed,,,457956616,bank cubic metres
2023-Q2,overburden_removed,,,597192432,bank cubic metres
2023-Q3,overburden_removed,,,571647398,bank cubic metres
2023-Q4,overburden_removed,,,503632019,bank cubic metres
2024-Q1,overburden_removed,,,501943089,bank cubic metres
2024-Q2,overburden_removed,,,572268914,bank cubic metres
2024-Q3,overburden_removed,,,587871931,bank cubic metres
2024-Q4,overburden_removed,,,546349085,bank cubic metres
2025-Q1,overburden_removed,,,473101004,bank cubic metres
2025-Q2,overburden_removed,,,553294332,bank cubic metres
2025-Q3,overburden_removed,,,615360918,bank cubic metres
2025-Q4,overburden_removed,,,609129799,bank cubic metres
2026-Q1,overburden_removed,,,474487753,bank cubic metres
2010-Q1,export_tonnes,Hard Coking Coal,,19275733,tonnes
2010-Q2,export_tonnes,Hard Coking Coal,,26752719,tonnes
2010-Q3,export_tonnes,Hard Coking Coal,,24616753,tonnes
2010-Q4,export_tonnes,Hard Coking Coal,,25428227,tonnes
2011-Q1,export_tonnes,Hard Coking Coal,,16076784,tonnes
2011-Q2,export_tonnes,Hard Coking Coal,,21193492,tonnes
2011-Q3,export_tonnes,Hard Coking Coal,,21772840,tonnes
2011-Q4,export_tonnes,Hard Coking Coal,,22280575,tonnes
2012-Q1,export_tonnes,Hard Coking Coal,,19621052,tonnes
2012-Q2,export_tonnes,Hard Coking Coal,,19562451,tonnes
2012-Q3,export_tonnes,Hard Coking Coal,,19333526,tonnes
2012-Q4,export_tonnes,Hard Coking Coal,,22933444,tonnes
2013-Q1,export_tonnes,Hard Coking Coal,,20648776,tonnes
2013-Q2,export_tonnes,Hard Coking Coal,,24764437,tonnes
2013-Q3,export_tonnes,Hard Coking Coal,,24492011,tonnes
2013-Q4,export_tonnes,Hard Coking Coal,,27379771,tonnes
2014-Q1,export_tonnes,Hard Coking Coal,,25678804,tonnes
2014-Q2,export_tonnes,Hard Coking Coal,,28601370,tonnes
2014-Q3,export_tonnes,Hard Coking Coal,,26019503,tonnes
2014-Q4,export_tonnes,Hard Coking Coal,,30556825,tonnes
2015-Q1,export_tonnes,Hard Coking Coal,,27125244,tonnes
2015-Q2,export_tonnes,Hard Coking Coal,,28164698,tonnes
2015-Q3,export_tonnes,Hard Coking Coal,,28455104,tonnes
2015-Q4,export_tonnes,Hard Coking Coal,,28722574,tonnes
2016-Q1,export_tonnes,Hard Coking Coal,,26682424,tonnes
2016-Q2,export_tonnes,Hard Coking Coal,,29402486,tonnes
2016-Q3,export_tonnes,Hard Coking Coal,,28183254,tonnes
2016-Q4,export_tonnes,Hard Coking Coal,,29208768,tonnes
2017-Q1,export_tonnes,Hard Coking Coal,,27220199,tonnes
2017-Q2,export_tonnes,Hard Coking Coal,,22071711,tonnes
2017-Q3,export_tonnes,Hard Coking Coal,,30472101,tonnes
2017-Q4,export_tonnes,Hard Coking Coal,,27097929,tonnes
2018-Q1,export_tonnes,Hard Coking Coal,,27379036,tonnes
2018-Q2,export_tonnes,Hard Coking Coal,,29590381,tonnes
2018-Q3,export_tonnes,Hard Coking Coal,,27628430,tonnes
2018-Q4,export_tonnes,Hard Coking Coal,,28955151,tonnes
2019-Q1,export_tonnes,Hard Coking Coal,,25977360,tonnes
2019-Q2,export_tonnes,Hard Coking Coal,,30014461,tonnes
2019-Q3,export_tonnes,Hard Coking Coal,,28041411,tonnes
2019-Q4,export_tonnes,Hard Coking Coal,,29710548,tonnes
2020-Q1,export_tonnes,Hard Coking Coal,,26187270,tonnes
2020-Q2,export_tonnes,Hard Coking Coal,,28729856,tonnes
2020-Q3,export_tonnes,Hard Coking Coal,,28017929,tonnes
2020-Q4,export_tonnes,Hard Coking Coal,,27882866,tonnes
2021-Q1,export_tonnes,Hard Coking Coal,,24620440,tonnes
2021-Q2,export_tonnes,Hard Coking Coal,,27653472,tonnes
2021-Q3,export_tonnes,Hard Coking Coal,,25192020,tonnes
2021-Q4,export_tonnes,Hard Coking Coal,,24710850,tonnes
2022-Q1,export_tonnes,Hard Coking Coal,,22604000,tonnes
2022-Q2,export_tonnes,Hard Coking Coal,,23416815,tonnes
2022-Q3,export_tonnes,Hard Coking Coal,,24209146,tonnes
2022-Q4,export_tonnes,Hard Coking Coal,,23953184,tonnes
2023-Q1,export_tonnes,Hard Coking Coal,,21196978,tonnes
2023-Q2,export_tonnes,Hard Coking Coal,,25267176,tonnes
2023-Q3,export_tonnes,Hard Coking Coal,,20740166,tonnes
2023-Q4,export_tonnes,Hard Coking Coal,,22294466,tonnes
2024-Q1,export_tonnes,Hard Coking Coal,,21298245,tonnes
2024-Q2,export_tonnes,Hard Coking Coal,,23998943,tonnes
2024-Q3,export_tonnes,Hard Coking Coal,,22758339,tonnes
2024-Q4,export_tonnes,Hard Coking Coal,,23811510,tonnes
2025-Q1,export_tonnes,Hard Coking Coal,,18547116,tonnes
2025-Q2,export_tonnes,Hard Coking Coal,,22988390,tonnes
2025-Q3,export_tonnes,Hard Coking Coal,,21221443,tonnes
2025-Q4,export_tonnes,Hard Coking Coal,,23769780,tonnes
2026-Q1,export_tonnes,Hard Coking Coal,,19410642,tonnes
2010-Q1,export_tonnes,PCI,,0,tonnes
2010-Q2,export_tonnes,PCI,,0,tonnes
2010-Q3,export_tonnes,PCI,,0,tonnes
2010-Q4,export_tonnes,PCI,,0,tonnes
2011-Q1,export_tonnes,PCI,,0,tonnes
2011-Q2,export_tonnes,PCI,,0,tonnes
2011-Q3,export_tonnes,PCI,,0,tonnes
2011-Q4,export_tonnes,PCI,,0,tonnes
2012-Q1,export_tonnes,PCI,,0,tonnes
2012-Q2,export_tonnes,PCI,,0,tonnes
2012-Q3,export_tonnes,PCI,,0,tonnes
2012-Q4,export_tonnes,PCI,,0,tonnes
2013-Q1,export_tonnes,PCI,,0,tonnes
2013-Q2,export_tonnes,PCI,,0,tonnes
2013-Q3,export_tonnes,PCI,,0,tonnes
2013-Q4,export_tonnes,PCI,,0,tonnes
2014-Q1,export_tonnes,PCI,,0,tonnes
2014-Q2,export_tonnes,PCI,,0,tonnes
2014-Q3,export_tonnes,PCI,,0,tonnes
2014-Q4,export_tonnes,PCI,,0,tonnes
2015-Q1,export_tonnes,PCI,,0,tonnes
2015-Q2,export_tonnes,PCI,,0,tonnes
2015-Q3,export_tonnes,PCI,,0,tonnes
2015-Q4,export_tonnes,PCI,,0,tonnes
2016-Q1,export_tonnes,PCI,,0,tonnes
2016-Q2,export_tonnes,PCI,,0,tonnes
2016-Q3,export_tonnes,PCI,,0,tonnes
2016-Q4,export_tonnes,PCI,,0,tonnes
2017-Q1,export_tonnes,PCI,,0,tonnes
2017-Q2,export_tonnes,PCI,,0,tonnes
2017-Q3,export_tonnes,PCI,,0,tonnes
2017-Q4,export_tonnes,PCI,,0,tonnes
2018-Q1,export_tonnes,PCI,,0,tonnes
2018-Q2,export_tonnes,PCI,,0,tonnes
2018-Q3,export_tonnes,PCI,,0,tonnes
2018-Q4,export_tonnes,PCI,,0,tonnes
2019-Q1,export_tonnes,PCI,,0,tonnes
2019-Q2,export_tonnes,PCI,,0,tonnes
2019-Q3,export_tonnes,PCI,,0,tonnes
2019-Q4,export_tonnes,PCI,,0,tonnes
2020-Q1,export_tonnes,PCI,,0,tonnes
2020-Q2,export_tonnes,PCI,,0,tonnes
2020-Q3,export_tonnes,PCI,,0,tonnes
2020-Q4,export_tonnes,PCI,,0,tonnes
2021-Q1,export_tonnes,PCI,,0,tonnes
2021-Q2,export_tonnes,PCI,,0,tonnes
2021-Q3,export_tonnes,PCI,,0,tonnes
2021-Q4,export_tonnes,PCI,,0,tonnes
2022-Q1,export_tonnes,PCI,,7279915,tonnes
2022-Q2,export_tonnes,PCI,,7940587,tonnes
2022-Q3,export_tonnes,PCI,,7034227,tonnes
2022-Q4,export_tonnes,PCI,,8231485,tonnes
2023-Q1,export_tonnes,PCI,,6344415,tonnes
2023-Q2,export_tonnes,PCI,,8456981,tonnes
2023-Q3,export_tonnes,PCI,,8628695,tonnes
2023-Q4,export_tonnes,PCI,,9358753,tonnes
2024-Q1,export_tonnes,PCI,,8321303,tonnes
2024-Q2,export_tonnes,PCI,,8534220,tonnes
2024-Q3,export_tonnes,PCI,,8806826,tonnes
2024-Q4,export_tonnes,PCI,,8920605,tonnes
2025-Q1,export_tonnes,PCI,,7856508,tonnes
2025-Q2,export_tonnes,PCI,,8591442,tonnes
2025-Q3,export_tonnes,PCI,,9818505,tonnes
2025-Q4,export_tonnes,PCI,,9568810,tonnes
2026-Q1,export_tonnes,PCI,,8182330,tonnes
2010-Q1,export_tonnes,Semi-Soft Coking Coal,,8465217,tonnes
2010-Q2,export_tonnes,Semi-Soft Coking Coal,,8224920,tonnes
2010-Q3,export_tonnes,Semi-Soft Coking Coal,,9757885,tonnes
2010-Q4,export_tonnes,Semi-Soft Coking Coal,,8035027,tonnes
2011-Q1,export_tonnes,Semi-Soft Coking Coal,,5048296,tonnes
2011-Q2,export_tonnes,Semi-Soft Coking Coal,,6197289,tonnes
2011-Q3,export_tonnes,Semi-Soft Coking Coal,,7580396,tonnes
2011-Q4,export_tonnes,Semi-Soft Coking Coal,,8996738,tonnes
2012-Q1,export_tonnes,Semi-Soft Coking Coal,,9142836,tonnes
2012-Q2,export_tonnes,Semi-Soft Coking Coal,,9097228,tonnes
2012-Q3,export_tonnes,Semi-Soft Coking Coal,,9014505,tonnes
2012-Q4,export_tonnes,Semi-Soft Coking Coal,,10914383,tonnes
2013-Q1,export_tonnes,Semi-Soft Coking Coal,,9903796,tonnes
2013-Q2,export_tonnes,Semi-Soft Coking Coal,,11096858,tonnes
2013-Q3,export_tonnes,Semi-Soft Coking Coal,,11809210,tonnes
2013-Q4,export_tonnes,Semi-Soft Coking Coal,,12213261,tonnes
2014-Q1,export_tonnes,Semi-Soft Coking Coal,,11320100,tonnes
2014-Q2,export_tonnes,Semi-Soft Coking Coal,,12425708,tonnes
2014-Q3,export_tonnes,Semi-Soft Coking Coal,,13293874,tonnes
2014-Q4,export_tonnes,Semi-Soft Coking Coal,,12488344,tonnes
2015-Q1,export_tonnes,Semi-Soft Coking Coal,,10392146,tonnes
2015-Q2,export_tonnes,Semi-Soft Coking Coal,,12032923,tonnes
2015-Q3,export_tonnes,Semi-Soft Coking Coal,,12639767,tonnes
2015-Q4,export_tonnes,Semi-Soft Coking Coal,,12799514,tonnes
2016-Q1,export_tonnes,Semi-Soft Coking Coal,,10889784,tonnes
2016-Q2,export_tonnes,Semi-Soft Coking Coal,,12242746,tonnes
2016-Q3,export_tonnes,Semi-Soft Coking Coal,,11219423,tonnes
2016-Q4,export_tonnes,Semi-Soft Coking Coal,,11869319,tonnes
2017-Q1,export_tonnes,Semi-Soft Coking Coal,,10745426,tonnes
2017-Q2,export_tonnes,Semi-Soft Coking Coal,,9746302,tonnes
2017-Q3,export_tonnes,Semi-Soft Coking Coal,,11615124,tonnes
2017-Q4,export_tonnes,Semi-Soft Coking Coal,,12557261,tonnes
2018-Q1,export_tonnes,Semi-Soft Coking Coal,,10484612,tonnes
2018-Q2,export_tonnes,Semi-Soft Coking Coal,,10902140,tonnes
2018-Q3,export_tonnes,Semi-Soft Coking Coal,,10911028,tonnes
2018-Q4,export_tonnes,Semi-Soft Coking Coal,,11640528,tonnes
2019-Q1,export_tonnes,Semi-Soft Coking Coal,,11709922,tonnes
2019-Q2,export_tonnes,Semi-Soft Coking Coal,,12117896,tonnes
2019-Q3,export_tonnes,Semi-Soft Coking Coal,,10616121,tonnes
2019-Q4,export_tonnes,Semi-Soft Coking Coal,,10827275,tonnes
2020-Q1,export_tonnes,Semi-Soft Coking Coal,,10755810,tonnes
2020-Q2,export_tonnes,Semi-Soft Coking Coal,,9599386,tonnes
2020-Q3,export_tonnes,Semi-Soft Coking Coal,,10130114,tonnes
2020-Q4,export_tonnes,Semi-Soft Coking Coal,,10608750,tonnes
2021-Q1,export_tonnes,Semi-Soft Coking Coal,,11149118,tonnes
2021-Q2,export_tonnes,Semi-Soft Coking Coal,,11040098,tonnes
2021-Q3,export_tonnes,Semi-Soft Coking Coal,,9781499,tonnes
2021-Q4,export_tonnes,Semi-Soft Coking Coal,,9068742,tonnes
2022-Q1,export_tonnes,Semi-Soft Coking Coal,,3428702,tonnes
2022-Q2,export_tonnes,Semi-Soft Coking Coal,,3398173,tonnes
2022-Q3,export_tonnes,Semi-Soft Coking Coal,,2626341,tonnes
2022-Q4,export_tonnes,Semi-Soft Coking Coal,,3006980,tonnes
2023-Q1,export_tonnes,Semi-Soft Coking Coal,,2587730,tonnes
2023-Q2,export_tonnes,Semi-Soft Coking Coal,,3438846,tonnes
2023-Q3,export_tonnes,Semi-Soft Coking Coal,,2082186,tonnes
2023-Q4,export_tonnes,Semi-Soft Coking Coal,,2813015,tonnes
2024-Q1,export_tonnes,Semi-Soft Coking Coal,,2765809,tonnes
2024-Q2,export_tonnes,Semi-Soft Coking Coal,,2714403,tonnes
2024-Q3,export_tonnes,Semi-Soft Coking Coal,,2418127,tonnes
2024-Q4,export_tonnes,Semi-Soft Coking Coal,,2576800,tonnes
2025-Q1,export_tonnes,Semi-Soft Coking Coal,,2098243,tonnes
2025-Q2,export_tonnes,Semi-Soft Coking Coal,,2424363,tonnes
2025-Q3,export_tonnes,Semi-Soft Coking Coal,,2327399,tonnes
2025-Q4,export_tonnes,Semi-Soft Coking Coal,,2489023,tonnes
2026-Q1,export_tonnes,Semi-Soft Coking Coal,,2111026,tonnes
2010-Q1,export_tonnes,Thermal Coal,,13283536,tonnes
2010-Q2,export_tonnes,Thermal Coal,,14576795,tonnes
2010-Q3,export_tonnes,Thermal Coal,,14803267,tonnes
2010-Q4,export_tonnes,Thermal Coal,,12740481,tonnes
2011-Q1,export_tonnes,Thermal Coal,,7428244,tonnes
2011-Q2,export_tonnes,Thermal Coal,,11363346,tonnes
2011-Q3,export_tonnes,Thermal Coal,,12140667,tonnes
2011-Q4,export_tonnes,Thermal Coal,,13083595,tonnes
2012-Q1,export_tonnes,Thermal Coal,,10265225,tonnes
2012-Q2,export_tonnes,Thermal Coal,,11391571,tonnes
2012-Q3,export_tonnes,Thermal Coal,,11784176,tonnes
2012-Q4,export_tonnes,Thermal Coal,,14759120,tonnes
2013-Q1,export_tonnes,Thermal Coal,,11235841,tonnes
2013-Q2,export_tonnes,Thermal Coal,,13368138,tonnes
2013-Q3,export_tonnes,Thermal Coal,,14415583,tonnes
2013-Q4,export_tonnes,Thermal Coal,,14709757,tonnes
2014-Q1,export_tonnes,Thermal Coal,,11446098,tonnes
2014-Q2,export_tonnes,Thermal Coal,,14127733,tonnes
2014-Q3,export_tonnes,Thermal Coal,,14679325,tonnes
2014-Q4,export_tonnes,Thermal Coal,,14534599,tonnes
2015-Q1,export_tonnes,Thermal Coal,,12838951,tonnes
2015-Q2,export_tonnes,Thermal Coal,,15576625,tonnes
2015-Q3,export_tonnes,Thermal Coal,,15253724,tonnes
2015-Q4,export_tonnes,Thermal Coal,,14638645,tonnes
2016-Q1,export_tonnes,Thermal Coal,,15228728,tonnes
2016-Q2,export_tonnes,Thermal Coal,,14664958,tonnes
2016-Q3,export_tonnes,Thermal Coal,,16057878,tonnes
2016-Q4,export_tonnes,Thermal Coal,,14750991,tonnes
2017-Q1,export_tonnes,Thermal Coal,,13733751,tonnes
2017-Q2,export_tonnes,Thermal Coal,,12850083,tonnes
2017-Q3,export_tonnes,Thermal Coal,,15771561,tonnes
2017-Q4,export_tonnes,Thermal Coal,,16298997,tonnes
2018-Q1,export_tonnes,Thermal Coal,,15508584,tonnes
2018-Q2,export_tonnes,Thermal Coal,,14299837,tonnes
2018-Q3,export_tonnes,Thermal Coal,,18211471,tonnes
2018-Q4,export_tonnes,Thermal Coal,,17792957,tonnes
2019-Q1,export_tonnes,Thermal Coal,,14846858,tonnes
2019-Q2,export_tonnes,Thermal Coal,,16219027,tonnes
2019-Q3,export_tonnes,Thermal Coal,,15545477,tonnes
2019-Q4,export_tonnes,Thermal Coal,,15175792,tonnes
2020-Q1,export_tonnes,Thermal Coal,,15315372,tonnes
2020-Q2,export_tonnes,Thermal Coal,,14722806,tonnes
2020-Q3,export_tonnes,Thermal Coal,,10477457,tonnes
2020-Q4,export_tonnes,Thermal Coal,,12007918,tonnes
2021-Q1,export_tonnes,Thermal Coal,,11444042,tonnes
2021-Q2,export_tonnes,Thermal Coal,,13179432,tonnes
2021-Q3,export_tonnes,Thermal Coal,,15784778,tonnes
2021-Q4,export_tonnes,Thermal Coal,,12195898,tonnes
2022-Q1,export_tonnes,Thermal Coal,,12975787,tonnes
2022-Q2,export_tonnes,Thermal Coal,,15057728,tonnes
2022-Q3,export_tonnes,Thermal Coal,,13379872,tonnes
2022-Q4,export_tonnes,Thermal Coal,,14605984,tonnes
2023-Q1,export_tonnes,Thermal Coal,,14707604,tonnes
2023-Q2,export_tonnes,Thermal Coal,,16573244,tonnes
2023-Q3,export_tonnes,Thermal Coal,,17542347,tonnes
2023-Q4,export_tonnes,Thermal Coal,,17357740,tonnes
2024-Q1,export_tonnes,Thermal Coal,,15070047,tonnes
2024-Q2,export_tonnes,Thermal Coal,,16481461,tonnes
2024-Q3,export_tonnes,Thermal Coal,,17278217,tonnes
2024-Q4,export_tonnes,Thermal Coal,,18649673,tonnes
2025-Q1,export_tonnes,Thermal Coal,,14294332,tonnes
2025-Q2,export_tonnes,Thermal Coal,,16298278,tonnes
2025-Q3,export_tonnes,Thermal Coal,,19298841,tonnes
2025-Q4,export_tonnes,Thermal Coal,,18553396,tonnes
2026-Q1,export_tonnes,Thermal Coal,,14437037,tonnes
2010-Q1,export_value,Hard Coking Coal,,2757350983,AUD
2010-Q2,export_value,Hard Coking Coal,,4635869414,AUD
2010-Q3,export_value,Hard Coking Coal,,5003441761,AUD
2010-Q4,export_value,Hard Coking Coal,,5060086379,AUD
2011-Q1,export_value,Hard Coking Coal,,3371143881,AUD
2011-Q2,export_value,Hard Coking Coal,,5059242442,AUD
2011-Q3,export_value,Hard Coking Coal,,5845794322,AUD
2011-Q4,export_value,Hard Coking Coal,,5599749339,AUD
2012-Q1,export_value,Hard Coking Coal,,4222837526,AUD
2012-Q2,export_value,Hard Coking Coal,,3995607418,AUD
2012-Q3,export_value,Hard Coking Coal,,3658823775,AUD
2012-Q4,export_value,Hard Coking Coal,,3341114365,AUD
2013-Q1,export_value,Hard Coking Coal,,3109782356,AUD
2013-Q2,export_value,Hard Coking Coal,,3764021661,AUD
2013-Q3,export_value,Hard Coking Coal,,3570925686,AUD
2013-Q4,export_value,Hard Coking Coal,,4088301442,AUD
2014-Q1,export_value,Hard Coking Coal,,3840015370,AUD
2014-Q2,export_value,Hard Coking Coal,,3519751167,AUD
2014-Q3,export_value,Hard Coking Coal,,3122912200,AUD
2014-Q4,export_value,Hard Coking Coal,,3807984887,AUD
2015-Q1,export_value,Hard Coking Coal,,3659912595,AUD
2015-Q2,export_value,Hard Coking Coal,,3488745374,AUD
2015-Q3,export_value,Hard Coking Coal,,3361434136,AUD
2015-Q4,export_value,Hard Coking Coal,,3171827417,AUD
2016-Q1,export_value,Hard Coking Coal,,2834426368,AUD
2016-Q2,export_value,Hard Coking Coal,,3346177401,AUD
2016-Q3,export_value,Hard Coking Coal,,3672550723,AUD
2016-Q4,export_value,Hard Coking Coal,,8034825906,AUD
2017-Q1,export_value,Hard Coking Coal,,7110540836,AUD
2017-Q2,export_value,Hard Coking Coal,,5410781732,AUD
2017-Q3,export_value,Hard Coking Coal,,6328588592,AUD
2017-Q4,export_value,Hard Coking Coal,,6279535224,AUD
2018-Q1,export_value,Hard Coking Coal,,7634041825,AUD
2018-Q2,export_value,Hard Coking Coal,,7215552861,AUD
2018-Q3,export_value,Hard Coking Coal,,6484212992,AUD
2018-Q4,export_value,Hard Coking Coal,,7808237444,AUD
2019-Q1,export_value,Hard Coking Coal,,7126969592,AUD
2019-Q2,export_value,Hard Coking Coal,,8262770788,AUD
2019-Q3,export_value,Hard Coking Coal,,6830271556,AUD
2019-Q4,export_value,Hard Coking Coal,,5807569298,AUD
2020-Q1,export_value,Hard Coking Coal,,5434206613,AUD
2020-Q2,export_value,Hard Coking Coal,,5217174052,AUD
2020-Q3,export_value,Hard Coking Coal,,3936256960,AUD
2020-Q4,export_value,Hard Coking Coal,,3953063321,AUD
2021-Q1,export_value,Hard Coking Coal,,3628594937,AUD
2021-Q2,export_value,Hard Coking Coal,,4176321636,AUD
2021-Q3,export_value,Hard Coking Coal,,6788117256,AUD
2021-Q4,export_value,Hard Coking Coal,,10934918850,AUD
2022-Q1,export_value,Hard Coking Coal,,12594324688,AUD
2022-Q2,export_value,Hard Coking Coal,,14769502294,AUD
2022-Q3,export_value,Hard Coking Coal,,9494554504,AUD
2022-Q4,export_value,Hard Coking Coal,,9411259192,AUD
2023-Q1,export_value,Hard Coking Coal,,9212841402,AUD
2023-Q2,export_value,Hard Coking Coal,,9494307871,AUD
2023-Q3,export_value,Hard Coking Coal,,7107683584,AUD
2023-Q4,export_value,Hard Coking Coal,,9561745142,AUD
2024-Q1,export_value,Hard Coking Coal,,9300924287,AUD
2024-Q2,export_value,Hard Coking Coal,,8560487028,AUD
2024-Q3,export_value,Hard Coking Coal,,7027603504,AUD
2024-Q4,export_value,Hard Coking Coal,,6666743668,AUD
2025-Q1,export_value,Hard Coking Coal,,4990048829,AUD
2025-Q2,export_value,Hard Coking Coal,,5810893163,AUD
2025-Q3,export_value,Hard Coking Coal,,5258042904,AUD
2025-Q4,export_value,Hard Coking Coal,,6315344297,AUD
2026-Q1,export_value,Hard Coking Coal,,5933789422,AUD
2010-Q1,export_value,PCI,,0,AUD
2010-Q2,export_value,PCI,,0,AUD
2010-Q3,export_value,PCI,,0,AUD
2010-Q4,export_value,PCI,,0,AUD
2011-Q1,export_value,PCI,,0,AUD
2011-Q2,export_value,PCI,,0,AUD
2011-Q3,export_value,PCI,,0,AUD
2011-Q4,export_value,PCI,,0,AUD
2012-Q1,export_value,PCI,,0,AUD
2012-Q2,export_value,PCI,,0,AUD
2012-Q3,export_value,PCI,,0,AUD
2012-Q4,export_value,PCI,,0,AUD
2013-Q1,export_value,PCI,,0,AUD
2013-Q2,export_value,PCI,,0,AUD
2013-Q3,export_value,PCI,,0,AUD
2013-Q4,export_value,PCI,,0,AUD
2014-Q1,export_value,PCI,,0,AUD
2014-Q2,export_value,PCI,,0,AUD
2014-Q3,export_value,PCI,,0,AUD
2014-Q4,export_value,PCI,,0,AUD
2015-Q1,export_value,PCI,,0,AUD
2015-Q2,export_value,PCI,,0,AUD
2015-Q3,export_value,PCI,,0,AUD
2015-Q4,export_value,PCI,,0,AUD
2016-Q1,export_value,PCI,,0,AUD
2016-Q2,export_value,PCI,,0,AUD
2016-Q3,export_value,PCI,,0,AUD
2016-Q4,export_value,PCI,,0,AUD
2017-Q1,export_value,PCI,,0,AUD
2017-Q2,export_value,PCI,,0,AUD
2017-Q3,export_value,PCI,,0,AUD
2017-Q4,export_value,PCI,,0,AUD
2018-Q1,export_value,PCI,,0,AUD
2018-Q2,export_value,PCI,,0,AUD
2018-Q3,export_value,PCI,,0,AUD
2018-Q4,export_value,PCI,,0,AUD
2019-Q1,export_value,PCI,,0,AUD
2019-Q2,export_value,PCI,,0,AUD
2019-Q3,export_value,PCI,,0,AUD
2019-Q4,export_value,PCI,,0,AUD
2020-Q1,export_value,PCI,,0,AUD
2020-Q2,export_value,PCI,,0,AUD
2020-Q3,export_value,PCI,,0,AUD
2020-Q4,export_value,PCI,,0,AUD
2021-Q1,export_value,PCI,,0,AUD
2021-Q2,export_value,PCI,,0,AUD
2021-Q3,export_value,PCI,,0,AUD
2021-Q4,export_value,PCI,,0,AUD
2022-Q1,export_value,PCI,,2985019225,AUD
2022-Q2,export_value,PCI,,4263553345,AUD
2022-Q3,export_value,PCI,,2700833579,AUD
2022-Q4,export_value,PCI,,3332159128,AUD
2023-Q1,export_value,PCI,,2558076208,AUD
2023-Q2,export_value,PCI,,3031255362,AUD
2023-Q3,export_value,PCI,,2468081751,AUD
2023-Q4,export_value,PCI,,2699716506,AUD
2024-Q1,export_value,PCI,,2369797080,AUD
2024-Q2,export_value,PCI,,2188575676,AUD
2024-Q3,export_value,PCI,,2322344913,AUD
2024-Q4,export_value,PCI,,2173554046,AUD
2025-Q1,export_value,PCI,,1885821451,AUD
2025-Q2,export_value,PCI,,1827026237,AUD
2025-Q3,export_value,PCI,,2117396259,AUD
2025-Q4,export_value,PCI,,2020965519,AUD
2026-Q1,export_value,PCI,,1770955038,AUD
2010-Q1,export_value,Semi-Soft Coking Coal,,936756585,AUD
2010-Q2,export_value,Semi-Soft Coking Coal,,1181799951,AUD
2010-Q3,export_value,Semi-Soft Coking Coal,,1633190898,AUD
2010-Q4,export_value,Semi-Soft Coking Coal,,1270792519,AUD
2011-Q1,export_value,Semi-Soft Coking Coal,,811408527,AUD
2011-Q2,export_value,Semi-Soft Coking Coal,,1219894391,AUD
2011-Q3,export_value,Semi-Soft Coking Coal,,1534610230,AUD
2011-Q4,export_value,Semi-Soft Coking Coal,,1730248652,AUD
2012-Q1,export_value,Semi-Soft Coking Coal,,1451876362,AUD
2012-Q2,export_value,Semi-Soft Coking Coal,,1445220652,AUD
2012-Q3,export_value,Semi-Soft Coking Coal,,1256019453,AUD
2012-Q4,export_value,Semi-Soft Coking Coal,,1297930055,AUD
2013-Q1,export_value,Semi-Soft Coking Coal,,1204496475,AUD
2013-Q2,export_value,Semi-Soft Coking Coal,,1422331235,AUD
2013-Q3,export_value,Semi-Soft Coking Coal,,1400974012,AUD
2013-Q4,export_value,Semi-Soft Coking Coal,,1482400290,AUD
2014-Q1,export_value,Semi-Soft Coking Coal,,1369392680,AUD
2014-Q2,export_value,Semi-Soft Coking Coal,,1342273009,AUD
2014-Q3,export_value,Semi-Soft Coking Coal,,1359690039,AUD
2014-Q4,export_value,Semi-Soft Coking Coal,,1354999726,AUD
2015-Q1,export_value,Semi-Soft Coking Coal,,1186267917,AUD
2015-Q2,export_value,Semi-Soft Coking Coal,,1441845730,AUD
2015-Q3,export_value,Semi-Soft Coking Coal,,1297867564,AUD
2015-Q4,export_value,Semi-Soft Coking Coal,,1254919267,AUD
2016-Q1,export_value,Semi-Soft Coking Coal,,1036035321,AUD
2016-Q2,export_value,Semi-Soft Coking Coal,,1165007056,AUD
2016-Q3,export_value,Semi-Soft Coking Coal,,1129021862,AUD
2016-Q4,export_value,Semi-Soft Coking Coal,,2060187977,AUD
2017-Q1,export_value,Semi-Soft Coking Coal,,1858430171,AUD
2017-Q2,export_value,Semi-Soft Coking Coal,,1646024292,AUD
2017-Q3,export_value,Semi-Soft Coking Coal,,1686364072,AUD
2017-Q4,export_value,Semi-Soft Coking Coal,,2022436879,AUD
2018-Q1,export_value,Semi-Soft Coking Coal,,1826762792,AUD
2018-Q2,export_value,Semi-Soft Coking Coal,,2096044897,AUD
2018-Q3,export_value,Semi-Soft Coking Coal,,2012433333,AUD
2018-Q4,export_value,Semi-Soft Coking Coal,,2129386529,AUD
2019-Q1,export_value,Semi-Soft Coking Coal,,2127109605,AUD
2019-Q2,export_value,Semi-Soft Coking Coal,,2172287226,AUD
2019-Q3,export_value,Semi-Soft Coking Coal,,1806443534,AUD
2019-Q4,export_value,Semi-Soft Coking Coal,,1519631844,AUD
2020-Q1,export_value,Semi-Soft Coking Coal,,1561348908,AUD
2020-Q2,export_value,Semi-Soft Coking Coal,,1196110954,AUD
2020-Q3,export_value,Semi-Soft Coking Coal,,1056380310,AUD
2020-Q4,export_value,Semi-Soft Coking Coal,,1114701291,AUD
2021-Q1,export_value,Semi-Soft Coking Coal,,1308869053,AUD
2021-Q2,export_value,Semi-Soft Coking Coal,,1463872924,AUD
2021-Q3,export_value,Semi-Soft Coking Coal,,1999278435,AUD
2021-Q4,export_value,Semi-Soft Coking Coal,,2817461105,AUD
2022-Q1,export_value,Semi-Soft Coking Coal,,1494392168,AUD
2022-Q2,export_value,Semi-Soft Coking Coal,,1983763550,AUD
2022-Q3,export_value,Semi-Soft Coking Coal,,1013207685,AUD
2022-Q4,export_value,Semi-Soft Coking Coal,,1051645346,AUD
2023-Q1,export_value,Semi-Soft Coking Coal,,972275542,AUD
2023-Q2,export_value,Semi-Soft Coking Coal,,1152963628,AUD
2023-Q3,export_value,Semi-Soft Coking Coal,,619915351,AUD
2023-Q4,export_value,Semi-Soft Coking Coal,,909186540,AUD
2024-Q1,export_value,Semi-Soft Coking Coal,,841841969,AUD
2024-Q2,export_value,Semi-Soft Coking Coal,,783281518,AUD
2024-Q3,export_value,Semi-Soft Coking Coal,,594314335,AUD
2024-Q4,export_value,Semi-Soft Coking Coal,,599457932,AUD
2025-Q1,export_value,Semi-Soft Coking Coal,,464508461,AUD
2025-Q2,export_value,Semi-Soft Coking Coal,,458178067,AUD
2025-Q3,export_value,Semi-Soft Coking Coal,,449961702,AUD
2025-Q4,export_value,Semi-Soft Coking Coal,,525227568,AUD
2026-Q1,export_value,Semi-Soft Coking Coal,,482962853,AUD
2010-Q1,export_value,Thermal Coal,,1172796312,AUD
2010-Q2,export_value,Thermal Coal,,1578523895,AUD
2010-Q3,export_value,Thermal Coal,,1598761588,AUD
2010-Q4,export_value,Thermal Coal,,1179340288,AUD
2011-Q1,export_value,Thermal Coal,,708954439,AUD
2011-Q2,export_value,Thermal Coal,,1103708060,AUD
2011-Q3,export_value,Thermal Coal,,1297079605,AUD
2011-Q4,export_value,Thermal Coal,,1453968049,AUD
2012-Q1,export_value,Thermal Coal,,1082467925,AUD
2012-Q2,export_value,Thermal Coal,,1171162679,AUD
2012-Q3,export_value,Thermal Coal,,1093487773,AUD
2012-Q4,export_value,Thermal Coal,,1306462966,AUD
2013-Q1,export_value,Thermal Coal,,965641670,AUD
2013-Q2,export_value,Thermal Coal,,1141255081,AUD
2013-Q3,export_value,Thermal Coal,,1282322424,AUD
2013-Q4,export_value,Thermal Coal,,1247442302,AUD
2014-Q1,export_value,Thermal Coal,,1030864526,AUD
2014-Q2,export_value,Thermal Coal,,1088153705,AUD
2014-Q3,export_value,Thermal Coal,,1075090848,AUD
2014-Q4,export_value,Thermal Coal,,1092650653,AUD
2015-Q1,export_value,Thermal Coal,,1014102214,AUD
2015-Q2,export_value,Thermal Coal,,1275604324,AUD
2015-Q3,export_value,Thermal Coal,,1156376002,AUD
2015-Q4,export_value,Thermal Coal,,1053356215,AUD
2016-Q1,export_value,Thermal Coal,,997828266,AUD
2016-Q2,export_value,Thermal Coal,,999572699,AUD
2016-Q3,export_value,Thermal Coal,,1161632878,AUD
2016-Q4,export_value,Thermal Coal,,1638655527,AUD
2017-Q1,export_value,Thermal Coal,,1324404203,AUD
2017-Q2,export_value,Thermal Coal,,1218847702,AUD
2017-Q3,export_value,Thermal Coal,,1661254575,AUD
2017-Q4,export_value,Thermal Coal,,1845172679,AUD
2018-Q1,export_value,Thermal Coal,,1898681644,AUD
2018-Q2,export_value,Thermal Coal,,1843432160,AUD
2018-Q3,export_value,Thermal Coal,,2292404464,AUD
2018-Q4,export_value,Thermal Coal,,2312659995,AUD
2019-Q1,export_value,Thermal Coal,,1761696585,AUD
2019-Q2,export_value,Thermal Coal,,1696511857,AUD
2019-Q3,export_value,Thermal Coal,,1467674672,AUD
2019-Q4,export_value,Thermal Coal,,1399242891,AUD
2020-Q1,export_value,Thermal Coal,,1465792439,AUD
2020-Q2,export_value,Thermal Coal,,1276521216,AUD
2020-Q3,export_value,Thermal Coal,,698945350,AUD
2020-Q4,export_value,Thermal Coal,,821604839,AUD
2021-Q1,export_value,Thermal Coal,,1025541833,AUD
2021-Q2,export_value,Thermal Coal,,1303378564,AUD
2021-Q3,export_value,Thermal Coal,,2168211756,AUD
2021-Q4,export_value,Thermal Coal,,2198433383,AUD
2022-Q1,export_value,Thermal Coal,,2961323036,AUD
2022-Q2,export_value,Thermal Coal,,5457886120,AUD
2022-Q3,export_value,Thermal Coal,,5025538258,AUD
2022-Q4,export_value,Thermal Coal,,4968111664,AUD
2023-Q1,export_value,Thermal Coal,,3864621272,AUD
2023-Q2,export_value,Thermal Coal,,3116526684,AUD
2023-Q3,export_value,Thermal Coal,,2526304316,AUD
2023-Q4,export_value,Thermal Coal,,2607561952,AUD
2024-Q1,export_value,Thermal Coal,,2181838502,AUD
2024-Q2,export_value,Thermal Coal,,2255475027,AUD
2024-Q3,export_value,Thermal Coal,,2239456197,AUD
2024-Q4,export_value,Thermal Coal,,2723185936,AUD
2025-Q1,export_value,Thermal Coal,,1882115191,AUD
2025-Q2,export_value,Thermal Coal,,1802240350,AUD
2025-Q3,export_value,Thermal Coal,,1991531587,AUD
2025-Q4,export_value,Thermal Coal,,2161432767,AUD
2026-Q1,export_value,Thermal Coal,,1666365502,AUD
2010-Q1,export_tonnes_by_destination,Belgium,,277434,tonnes
2010-Q2,export_tonnes_by_destination,Belgium,,395334,tonnes
2010-Q3,export_tonnes_by_destination,Belgium,,580912,tonnes
2010-Q4,export_tonnes_by_destination,Belgium,,340593,tonnes
2011-Q1,export_tonnes_by_destination,Belgium,,0,tonnes
2011-Q2,export_tonnes_by_destination,Belgium,,217788,tonnes
2011-Q3,export_tonnes_by_destination,Belgium,,359177,tonnes
2011-Q4,export_tonnes_by_destination,Belgium,,465501,tonnes
2012-Q1,export_tonnes_by_destination,Belgium,,270371,tonnes
2012-Q2,export_tonnes_by_destination,Belgium,,480736,tonnes
2012-Q3,export_tonnes_by_destination,Belgium,,663610,tonnes
2012-Q4,export_tonnes_by_destination,Belgium,,715545,tonnes
2013-Q1,export_tonnes_by_destination,Belgium,,341986,tonnes
2013-Q2,export_tonnes_by_destination,Belgium,,506180,tonnes
2013-Q3,export_tonnes_by_destination,Belgium,,509350,tonnes
2013-Q4,export_tonnes_by_destination,Belgium,,275530,tonnes
2014-Q1,export_tonnes_by_destination,Belgium,,253917,tonnes
2014-Q2,export_tonnes_by_destination,Belgium,,332040,tonnes
2014-Q3,export_tonnes_by_destination,Belgium,,161140,tonnes
2014-Q4,export_tonnes_by_destination,Belgium,,297900,tonnes
2015-Q1,export_tonnes_by_destination,Belgium,,306095,tonnes
2015-Q2,export_tonnes_by_destination,Belgium,,152686,tonnes
2015-Q3,export_tonnes_by_destination,Belgium,,287291,tonnes
2015-Q4,export_tonnes_by_destination,Belgium,,268278,tonnes
2016-Q1,export_tonnes_by_destination,Belgium,,189313,tonnes
2016-Q2,export_tonnes_by_destination,Belgium,,209151,tonnes
2016-Q3,export_tonnes_by_destination,Belgium,,228712,tonnes
2016-Q4,export_tonnes_by_destination,Belgium,,196265,tonnes
2017-Q1,export_tonnes_by_destination,Belgium,,208113,tonnes
2017-Q2,export_tonnes_by_destination,Belgium,,204801,tonnes
2017-Q3,export_tonnes_by_destination,Belgium,,280780,tonnes
2017-Q4,export_tonnes_by_destination,Belgium,,196185,tonnes
2018-Q1,export_tonnes_by_destination,Belgium,,364678,tonnes
2018-Q2,export_tonnes_by_destination,Belgium,,312788,tonnes
2018-Q3,export_tonnes_by_destination,Belgium,,157623,tonnes
2018-Q4,export_tonnes_by_destination,Belgium,,135881,tonnes
2019-Q1,export_tonnes_by_destination,Belgium,,205545,tonnes
2019-Q2,export_tonnes_by_destination,Belgium,,271627,tonnes
2019-Q3,export_tonnes_by_destination,Belgium,,283945,tonnes
2019-Q4,export_tonnes_by_destination,Belgium,,195408,tonnes
2020-Q1,export_tonnes_by_destination,Belgium,,224753,tonnes
2020-Q2,export_tonnes_by_destination,Belgium,,210526,tonnes
2020-Q3,export_tonnes_by_destination,Belgium,,97029,tonnes
2020-Q4,export_tonnes_by_destination,Belgium,,134485,tonnes
2021-Q1,export_tonnes_by_destination,Belgium,,171506,tonnes
2021-Q2,export_tonnes_by_destination,Belgium,,115244,tonnes
2021-Q3,export_tonnes_by_destination,Belgium,,19631,tonnes
2021-Q4,export_tonnes_by_destination,Belgium,,58059,tonnes
2022-Q1,export_tonnes_by_destination,Belgium,,272261,tonnes
2022-Q2,export_tonnes_by_destination,Belgium,,182493,tonnes
2022-Q3,export_tonnes_by_destination,Belgium,,116570,tonnes
2022-Q4,export_tonnes_by_destination,Belgium,,220676,tonnes
2023-Q1,export_tonnes_by_destination,Belgium,,312470,tonnes
2023-Q2,export_tonnes_by_destination,Belgium,,235192,tonnes
2023-Q3,export_tonnes_by_destination,Belgium,,99217,tonnes
2023-Q4,export_tonnes_by_destination,Belgium,,540975,tonnes
2024-Q1,export_tonnes_by_destination,Belgium,,369682,tonnes
2024-Q2,export_tonnes_by_destination,Belgium,,477053,tonnes
2024-Q3,export_tonnes_by_destination,Belgium,,345869,tonnes
2024-Q4,export_tonnes_by_destination,Belgium,,222066,tonnes
2025-Q1,export_tonnes_by_destination,Belgium,,196798,tonnes
2025-Q2,export_tonnes_by_destination,Belgium,,266107,tonnes
2025-Q3,export_tonnes_by_destination,Belgium,,109334,tonnes
2025-Q4,export_tonnes_by_destination,Belgium,,292178,tonnes
2026-Q1,export_tonnes_by_destination,Belgium,,219078,tonnes
2010-Q1,export_tonnes_by_destination,Brazil,,1344528,tonnes
2010-Q2,export_tonnes_by_destination,Brazil,,1442345,tonnes
2010-Q3,export_tonnes_by_destination,Brazil,,1698621,tonnes
2010-Q4,export_tonnes_by_destination,Brazil,,727729,tonnes
2011-Q1,export_tonnes_by_destination,Brazil,,823148,tonnes
2011-Q2,export_tonnes_by_destination,Brazil,,1103844,tonnes
2011-Q3,export_tonnes_by_destination,Brazil,,938237,tonnes
2011-Q4,export_tonnes_by_destination,Brazil,,487162,tonnes
2012-Q1,export_tonnes_by_destination,Brazil,,894752,tonnes
2012-Q2,export_tonnes_by_destination,Brazil,,605853,tonnes
2012-Q3,export_tonnes_by_destination,Brazil,,1036136,tonnes
2012-Q4,export_tonnes_by_destination,Brazil,,600834,tonnes
2013-Q1,export_tonnes_by_destination,Brazil,,760234,tonnes
2013-Q2,export_tonnes_by_destination,Brazil,,617042,tonnes
2013-Q3,export_tonnes_by_destination,Brazil,,803873,tonnes
2013-Q4,export_tonnes_by_destination,Brazil,,645150,tonnes
2014-Q1,export_tonnes_by_destination,Brazil,,1032366,tonnes
2014-Q2,export_tonnes_by_destination,Brazil,,1062372,tonnes
2014-Q3,export_tonnes_by_destination,Brazil,,1201168,tonnes
2014-Q4,export_tonnes_by_destination,Brazil,,1223781,tonnes
2015-Q1,export_tonnes_by_destination,Brazil,,1394853,tonnes
2015-Q2,export_tonnes_by_destination,Brazil,,1117364,tonnes
2015-Q3,export_tonnes_by_destination,Brazil,,1236807,tonnes
2015-Q4,export_tonnes_by_destination,Brazil,,1497038,tonnes
2016-Q1,export_tonnes_by_destination,Brazil,,1274438,tonnes
2016-Q2,export_tonnes_by_destination,Brazil,,1174690,tonnes
2016-Q3,export_tonnes_by_destination,Brazil,,1389184,tonnes
2016-Q4,export_tonnes_by_destination,Brazil,,1856561,tonnes
2017-Q1,export_tonnes_by_destination,Brazil,,936289,tonnes
2017-Q2,export_tonnes_by_destination,Brazil,,1033518,tonnes
2017-Q3,export_tonnes_by_destination,Brazil,,1396776,tonnes
2017-Q4,export_tonnes_by_destination,Brazil,,1362981,tonnes
2018-Q1,export_tonnes_by_destination,Brazil,,1504817,tonnes
2018-Q2,export_tonnes_by_destination,Brazil,,1207900,tonnes
2018-Q3,export_tonnes_by_destination,Brazil,,926940,tonnes
2018-Q4,export_tonnes_by_destination,Brazil,,1130254,tonnes
2019-Q1,export_tonnes_by_destination,Brazil,,1026955,tonnes
2019-Q2,export_tonnes_by_destination,Brazil,,829079,tonnes
2019-Q3,export_tonnes_by_destination,Brazil,,861692,tonnes
2019-Q4,export_tonnes_by_destination,Brazil,,576386,tonnes
2020-Q1,export_tonnes_by_destination,Brazil,,629006,tonnes
2020-Q2,export_tonnes_by_destination,Brazil,,647929,tonnes
2020-Q3,export_tonnes_by_destination,Brazil,,447340,tonnes
2020-Q4,export_tonnes_by_destination,Brazil,,862779,tonnes
2021-Q1,export_tonnes_by_destination,Brazil,,1078694,tonnes
2021-Q2,export_tonnes_by_destination,Brazil,,1391242,tonnes
2021-Q3,export_tonnes_by_destination,Brazil,,1405109,tonnes
2021-Q4,export_tonnes_by_destination,Brazil,,1404522,tonnes
2022-Q1,export_tonnes_by_destination,Brazil,,903305,tonnes
2022-Q2,export_tonnes_by_destination,Brazil,,1311067,tonnes
2022-Q3,export_tonnes_by_destination,Brazil,,1037977,tonnes
2022-Q4,export_tonnes_by_destination,Brazil,,1403076,tonnes
2023-Q1,export_tonnes_by_destination,Brazil,,1147944,tonnes
2023-Q2,export_tonnes_by_destination,Brazil,,1408018,tonnes
2023-Q3,export_tonnes_by_destination,Brazil,,968183,tonnes
2023-Q4,export_tonnes_by_destination,Brazil,,1256945,tonnes
2024-Q1,export_tonnes_by_destination,Brazil,,1498276,tonnes
2024-Q2,export_tonnes_by_destination,Brazil,,1557484,tonnes
2024-Q3,export_tonnes_by_destination,Brazil,,1302090,tonnes
2024-Q4,export_tonnes_by_destination,Brazil,,934935,tonnes
2025-Q1,export_tonnes_by_destination,Brazil,,936073,tonnes
2025-Q2,export_tonnes_by_destination,Brazil,,1060726,tonnes
2025-Q3,export_tonnes_by_destination,Brazil,,1261366,tonnes
2025-Q4,export_tonnes_by_destination,Brazil,,1447237,tonnes
2026-Q1,export_tonnes_by_destination,Brazil,,930221,tonnes
2010-Q1,export_tonnes_by_destination,China,,6115671,tonnes
2010-Q2,export_tonnes_by_destination,China,,5571577,tonnes
2010-Q3,export_tonnes_by_destination,China,,7168383,tonnes
2010-Q4,export_tonnes_by_destination,China,,7467989,tonnes
2011-Q1,export_tonnes_by_destination,China,,2398189,tonnes
2011-Q2,export_tonnes_by_destination,China,,4746996,tonnes
2011-Q3,export_tonnes_by_destination,China,,5467976,tonnes
2011-Q4,export_tonnes_by_destination,China,,6409754,tonnes
2012-Q1,export_tonnes_by_destination,China,,7535534,tonnes
2012-Q2,export_tonnes_by_destination,China,,6468358,tonnes
2012-Q3,export_tonnes_by_destination,China,,5740587,tonnes
2012-Q4,export_tonnes_by_destination,China,,14421944,tonnes
2013-Q1,export_tonnes_by_destination,China,,8633130,tonnes
2013-Q2,export_tonnes_by_destination,China,,11207029,tonnes
2013-Q3,export_tonnes_by_destination,China,,12958084,tonnes
2013-Q4,export_tonnes_by_destination,China,,15366745,tonnes
2014-Q1,export_tonnes_by_destination,China,,11326333,tonnes
2014-Q2,export_tonnes_by_destination,China,,13325649,tonnes
2014-Q3,export_tonnes_by_destination,China,,13278347,tonnes
2014-Q4,export_tonnes_by_destination,China,,14839669,tonnes
2015-Q1,export_tonnes_by_destination,China,,10380948,tonnes
2015-Q2,export_tonnes_by_destination,China,,14387857,tonnes
2015-Q3,export_tonnes_by_destination,China,,11406728,tonnes
2015-Q4,export_tonnes_by_destination,China,,10755980,tonnes
2016-Q1,export_tonnes_by_destination,China,,9655198,tonnes
2016-Q2,export_tonnes_by_destination,China,,12099370,tonnes
2016-Q3,export_tonnes_by_destination,China,,11876980,tonnes
2016-Q4,export_tonnes_by_destination,China,,13156410,tonnes
2017-Q1,export_tonnes_by_destination,China,,14110523,tonnes
2017-Q2,export_tonnes_by_destination,China,,11869248,tonnes
2017-Q3,export_tonnes_by_destination,China,,17312427,tonnes
2017-Q4,export_tonnes_by_destination,China,,15459927,tonnes
2018-Q1,export_tonnes_by_destination,China,,12318613,tonnes
2018-Q2,export_tonnes_by_destination,China,,13735776,tonnes
2018-Q3,export_tonnes_by_destination,China,,13130602,tonnes
2018-Q4,export_tonnes_by_destination,China,,14176859,tonnes
2019-Q1,export_tonnes_by_destination,China,,9716646,tonnes
2019-Q2,export_tonnes_by_destination,China,,10675568,tonnes
2019-Q3,export_tonnes_by_destination,China,,10307208,tonnes
2019-Q4,export_tonnes_by_destination,China,,7911593,tonnes
2020-Q1,export_tonnes_by_destination,China,,10424159,tonnes
2020-Q2,export_tonnes_by_destination,China,,14218565,tonnes
2020-Q3,export_tonnes_by_destination,China,,6348903,tonnes
2020-Q4,export_tonnes_by_destination,China,,1782880,tonnes
2021-Q1,export_tonnes_by_destination,China,,0,tonnes
2021-Q2,export_tonnes_by_destination,China,,0,tonnes
2021-Q3,export_tonnes_by_destination,China,,0,tonnes
2021-Q4,export_tonnes_by_destination,China,,0,tonnes
2022-Q1,export_tonnes_by_destination,China,,0,tonnes
2022-Q2,export_tonnes_by_destination,China,,3001,tonnes
2022-Q3,export_tonnes_by_destination,China,,33802,tonnes
2022-Q4,export_tonnes_by_destination,China,,82010,tonnes
2023-Q1,export_tonnes_by_destination,China,,2203321,tonnes
2023-Q2,export_tonnes_by_destination,China,,4109920,tonnes
2023-Q3,export_tonnes_by_destination,China,,6042374,tonnes
2023-Q4,export_tonnes_by_destination,China,,4099145,tonnes
2024-Q1,export_tonnes_by_destination,China,,5849139,tonnes
2024-Q2,export_tonnes_by_destination,China,,7795441,tonnes
2024-Q3,export_tonnes_by_destination,China,,8597400,tonnes
2024-Q4,export_tonnes_by_destination,China,,12008793,tonnes
2025-Q1,export_tonnes_by_destination,China,,4898770,tonnes
2025-Q2,export_tonnes_by_destination,China,,7263005,tonnes
2025-Q3,export_tonnes_by_destination,China,,8826867,tonnes
2025-Q4,export_tonnes_by_destination,China,,10714742,tonnes
2026-Q1,export_tonnes_by_destination,China,,4782855,tonnes
2010-Q1,export_tonnes_by_destination,France,,400643,tonnes
2010-Q2,export_tonnes_by_destination,France,,957189,tonnes
2010-Q3,export_tonnes_by_destination,France,,705865,tonnes
2010-Q4,export_tonnes_by_destination,France,,1288676,tonnes
2011-Q1,export_tonnes_by_destination,France,,345831,tonnes
2011-Q2,export_tonnes_by_destination,France,,1293793,tonnes
2011-Q3,export_tonnes_by_destination,France,,873564,tonnes
2011-Q4,export_tonnes_by_destination,France,,995169,tonnes
2012-Q1,export_tonnes_by_destination,France,,727552,tonnes
2012-Q2,export_tonnes_by_destination,France,,792326,tonnes
2012-Q3,export_tonnes_by_destination,France,,911470,tonnes
2012-Q4,export_tonnes_by_destination,France,,573972,tonnes
2013-Q1,export_tonnes_by_destination,France,,815525,tonnes
2013-Q2,export_tonnes_by_destination,France,,733724,tonnes
2013-Q3,export_tonnes_by_destination,France,,603310,tonnes
2013-Q4,export_tonnes_by_destination,France,,824378,tonnes
2014-Q1,export_tonnes_by_destination,France,,793401,tonnes
2014-Q2,export_tonnes_by_destination,France,,457210,tonnes
2014-Q3,export_tonnes_by_destination,France,,828728,tonnes
2014-Q4,export_tonnes_by_destination,France,,1072252,tonnes
2015-Q1,export_tonnes_by_destination,France,,729517,tonnes
2015-Q2,export_tonnes_by_destination,France,,655700,tonnes
2015-Q3,export_tonnes_by_destination,France,,1032326,tonnes
2015-Q4,export_tonnes_by_destination,France,,935037,tonnes
2016-Q1,export_tonnes_by_destination,France,,922212,tonnes
2016-Q2,export_tonnes_by_destination,France,,936599,tonnes
2016-Q3,export_tonnes_by_destination,France,,573501,tonnes
2016-Q4,export_tonnes_by_destination,France,,1025174,tonnes
2017-Q1,export_tonnes_by_destination,France,,617796,tonnes
2017-Q2,export_tonnes_by_destination,France,,442067,tonnes
2017-Q3,export_tonnes_by_destination,France,,896339,tonnes
2017-Q4,export_tonnes_by_destination,France,,852214,tonnes
2018-Q1,export_tonnes_by_destination,France,,671106,tonnes
2018-Q2,export_tonnes_by_destination,France,,816017,tonnes
2018-Q3,export_tonnes_by_destination,France,,477502,tonnes
2018-Q4,export_tonnes_by_destination,France,,866435,tonnes
2019-Q1,export_tonnes_by_destination,France,,938385,tonnes
2019-Q2,export_tonnes_by_destination,France,,693372,tonnes
2019-Q3,export_tonnes_by_destination,France,,558519,tonnes
2019-Q4,export_tonnes_by_destination,France,,415436,tonnes
2020-Q1,export_tonnes_by_destination,France,,442550,tonnes
2020-Q2,export_tonnes_by_destination,France,,295250,tonnes
2020-Q3,export_tonnes_by_destination,France,,417926,tonnes
2020-Q4,export_tonnes_by_destination,France,,767580,tonnes
2021-Q1,export_tonnes_by_destination,France,,361885,tonnes
2021-Q2,export_tonnes_by_destination,France,,522793,tonnes
2021-Q3,export_tonnes_by_destination,France,,266666,tonnes
2021-Q4,export_tonnes_by_destination,France,,411229,tonnes
2022-Q1,export_tonnes_by_destination,France,,567772,tonnes
2022-Q2,export_tonnes_by_destination,France,,493909,tonnes
2022-Q3,export_tonnes_by_destination,France,,547136,tonnes
2022-Q4,export_tonnes_by_destination,France,,626573,tonnes
2023-Q1,export_tonnes_by_destination,France,,469212,tonnes
2023-Q2,export_tonnes_by_destination,France,,582295,tonnes
2023-Q3,export_tonnes_by_destination,France,,409728,tonnes
2023-Q4,export_tonnes_by_destination,France,,568572,tonnes
2024-Q1,export_tonnes_by_destination,France,,379095,tonnes
2024-Q2,export_tonnes_by_destination,France,,553943,tonnes
2024-Q3,export_tonnes_by_destination,France,,440450,tonnes
2024-Q4,export_tonnes_by_destination,France,,470223,tonnes
2025-Q1,export_tonnes_by_destination,France,,445424,tonnes
2025-Q2,export_tonnes_by_destination,France,,445793,tonnes
2025-Q3,export_tonnes_by_destination,France,,594774,tonnes
2025-Q4,export_tonnes_by_destination,France,,636492,tonnes
2026-Q1,export_tonnes_by_destination,France,,374272,tonnes
2010-Q1,export_tonnes_by_destination,Germany,,194888,tonnes
2010-Q2,export_tonnes_by_destination,Germany,,131351,tonnes
2010-Q3,export_tonnes_by_destination,Germany,,383754,tonnes
2010-Q4,export_tonnes_by_destination,Germany,,264909,tonnes
2011-Q1,export_tonnes_by_destination,Germany,,225398,tonnes
2011-Q2,export_tonnes_by_destination,Germany,,128368,tonnes
2011-Q3,export_tonnes_by_destination,Germany,,754878,tonnes
2011-Q4,export_tonnes_by_destination,Germany,,809679,tonnes
2012-Q1,export_tonnes_by_destination,Germany,,724854,tonnes
2012-Q2,export_tonnes_by_destination,Germany,,718430,tonnes
2012-Q3,export_tonnes_by_destination,Germany,,1102653,tonnes
2012-Q4,export_tonnes_by_destination,Germany,,717794,tonnes
2013-Q1,export_tonnes_by_destination,Germany,,527905,tonnes
2013-Q2,export_tonnes_by_destination,Germany,,838676,tonnes
2013-Q3,export_tonnes_by_destination,Germany,,710544,tonnes
2013-Q4,export_tonnes_by_destination,Germany,,1036373,tonnes
2014-Q1,export_tonnes_by_destination,Germany,,558281,tonnes
2014-Q2,export_tonnes_by_destination,Germany,,1174145,tonnes
2014-Q3,export_tonnes_by_destination,Germany,,1014704,tonnes
2014-Q4,export_tonnes_by_destination,Germany,,1036146,tonnes
2015-Q1,export_tonnes_by_destination,Germany,,1041323,tonnes
2015-Q2,export_tonnes_by_destination,Germany,,1063504,tonnes
2015-Q3,export_tonnes_by_destination,Germany,,1449005,tonnes
2015-Q4,export_tonnes_by_destination,Germany,,1416278,tonnes
2016-Q1,export_tonnes_by_destination,Germany,,774372,tonnes
2016-Q2,export_tonnes_by_destination,Germany,,1101713,tonnes
2016-Q3,export_tonnes_by_destination,Germany,,1303148,tonnes
2016-Q4,export_tonnes_by_destination,Germany,,1203164,tonnes
2017-Q1,export_tonnes_by_destination,Germany,,803029,tonnes
2017-Q2,export_tonnes_by_destination,Germany,,735790,tonnes
2017-Q3,export_tonnes_by_destination,Germany,,1162870,tonnes
2017-Q4,export_tonnes_by_destination,Germany,,1100505,tonnes
2018-Q1,export_tonnes_by_destination,Germany,,1098359,tonnes
2018-Q2,export_tonnes_by_destination,Germany,,1088920,tonnes
2018-Q3,export_tonnes_by_destination,Germany,,774963,tonnes
2018-Q4,export_tonnes_by_destination,Germany,,954299,tonnes
2019-Q1,export_tonnes_by_destination,Germany,,1005885,tonnes
2019-Q2,export_tonnes_by_destination,Germany,,676276,tonnes
2019-Q3,export_tonnes_by_destination,Germany,,762970,tonnes
2019-Q4,export_tonnes_by_destination,Germany,,809988,tonnes
2020-Q1,export_tonnes_by_destination,Germany,,906703,tonnes
2020-Q2,export_tonnes_by_destination,Germany,,903616,tonnes
2020-Q3,export_tonnes_by_destination,Germany,,627736,tonnes
2020-Q4,export_tonnes_by_destination,Germany,,966953,tonnes
2021-Q1,export_tonnes_by_destination,Germany,,503110,tonnes
2021-Q2,export_tonnes_by_destination,Germany,,748175,tonnes
2021-Q3,export_tonnes_by_destination,Germany,,681886,tonnes
2021-Q4,export_tonnes_by_destination,Germany,,519068,tonnes
2022-Q1,export_tonnes_by_destination,Germany,,1566062,tonnes
2022-Q2,export_tonnes_by_destination,Germany,,1307258,tonnes
2022-Q3,export_tonnes_by_destination,Germany,,1279764,tonnes
2022-Q4,export_tonnes_by_destination,Germany,,1518943,tonnes
2023-Q1,export_tonnes_by_destination,Germany,,1348069,tonnes
2023-Q2,export_tonnes_by_destination,Germany,,1500924,tonnes
2023-Q3,export_tonnes_by_destination,Germany,,1195934,tonnes
2023-Q4,export_tonnes_by_destination,Germany,,1027670,tonnes
2024-Q1,export_tonnes_by_destination,Germany,,964109,tonnes
2024-Q2,export_tonnes_by_destination,Germany,,1145797,tonnes
2024-Q3,export_tonnes_by_destination,Germany,,911873,tonnes
2024-Q4,export_tonnes_by_destination,Germany,,730425,tonnes
2025-Q1,export_tonnes_by_destination,Germany,,882780,tonnes
2025-Q2,export_tonnes_by_destination,Germany,,748696,tonnes
2025-Q3,export_tonnes_by_destination,Germany,,381619,tonnes
2025-Q4,export_tonnes_by_destination,Germany,,630044,tonnes
2026-Q1,export_tonnes_by_destination,Germany,,565215,tonnes
2010-Q1,export_tonnes_by_destination,Hong Kong,,0,tonnes
2010-Q2,export_tonnes_by_destination,Hong Kong,,0,tonnes
2010-Q3,export_tonnes_by_destination,Hong Kong,,0,tonnes
2010-Q4,export_tonnes_by_destination,Hong Kong,,0,tonnes
2011-Q1,export_tonnes_by_destination,Hong Kong,,0,tonnes
2011-Q2,export_tonnes_by_destination,Hong Kong,,0,tonnes
2011-Q3,export_tonnes_by_destination,Hong Kong,,700910,tonnes
2011-Q4,export_tonnes_by_destination,Hong Kong,,369182,tonnes
2012-Q1,export_tonnes_by_destination,Hong Kong,,0,tonnes
2012-Q2,export_tonnes_by_destination,Hong Kong,,0,tonnes
2012-Q3,export_tonnes_by_destination,Hong Kong,,0,tonnes
2012-Q4,export_tonnes_by_destination,Hong Kong,,0,tonnes
2013-Q1,export_tonnes_by_destination,Hong Kong,,0,tonnes
2013-Q2,export_tonnes_by_destination,Hong Kong,,0,tonnes
2013-Q3,export_tonnes_by_destination,Hong Kong,,0,tonnes
2013-Q4,export_tonnes_by_destination,Hong Kong,,0,tonnes
2014-Q1,export_tonnes_by_destination,Hong Kong,,0,tonnes
2014-Q2,export_tonnes_by_destination,Hong Kong,,0,tonnes
2014-Q3,export_tonnes_by_destination,Hong Kong,,0,tonnes
2014-Q4,export_tonnes_by_destination,Hong Kong,,0,tonnes
2015-Q1,export_tonnes_by_destination,Hong Kong,,0,tonnes
2015-Q2,export_tonnes_by_destination,Hong Kong,,0,tonnes
2015-Q3,export_tonnes_by_destination,Hong Kong,,0,tonnes
2015-Q4,export_tonnes_by_destination,Hong Kong,,0,tonnes
2016-Q1,export_tonnes_by_destination,Hong Kong,,0,tonnes
2016-Q2,export_tonnes_by_destination,Hong Kong,,0,tonnes
2016-Q3,export_tonnes_by_destination,Hong Kong,,0,tonnes
2016-Q4,export_tonnes_by_destination,Hong Kong,,0,tonnes
2017-Q1,export_tonnes_by_destination,Hong Kong,,0,tonnes
2017-Q2,export_tonnes_by_destination,Hong Kong,,0,tonnes
2017-Q3,export_tonnes_by_destination,Hong Kong,,0,tonnes
2017-Q4,export_tonnes_by_destination,Hong Kong,,0,tonnes
2018-Q1,export_tonnes_by_destination,Hong Kong,,0,tonnes
2018-Q2,export_tonnes_by_destination,Hong Kong,,2666204,tonnes
2018-Q3,export_tonnes_by_destination,Hong Kong,,978379,tonnes
2018-Q4,export_tonnes_by_destination,Hong Kong,,401091,tonnes
2019-Q1,export_tonnes_by_destination,Hong Kong,,1934814,tonnes
2019-Q2,export_tonnes_by_destination,Hong Kong,,2626245,tonnes
2019-Q3,export_tonnes_by_destination,Hong Kong,,2312816,tonnes
2019-Q4,export_tonnes_by_destination,Hong Kong,,2682265,tonnes
2020-Q1,export_tonnes_by_destination,Hong Kong,,2465037,tonnes
2020-Q2,export_tonnes_by_destination,Hong Kong,,2900085,tonnes
2020-Q3,export_tonnes_by_destination,Hong Kong,,2382695,tonnes
2020-Q4,export_tonnes_by_destination,Hong Kong,,927122,tonnes
2021-Q1,export_tonnes_by_destination,Hong Kong,,130200,tonnes
2021-Q2,export_tonnes_by_destination,Hong Kong,,323406,tonnes
2021-Q3,export_tonnes_by_destination,Hong Kong,,306267,tonnes
2021-Q4,export_tonnes_by_destination,Hong Kong,,331734,tonnes
2022-Q1,export_tonnes_by_destination,Hong Kong,,98968,tonnes
2022-Q2,export_tonnes_by_destination,Hong Kong,,89700,tonnes
2022-Q3,export_tonnes_by_destination,Hong Kong,,73648,tonnes
2022-Q4,export_tonnes_by_destination,Hong Kong,,73621,tonnes
2023-Q1,export_tonnes_by_destination,Hong Kong,,462625,tonnes
2023-Q2,export_tonnes_by_destination,Hong Kong,,479397,tonnes
2023-Q3,export_tonnes_by_destination,Hong Kong,,418145,tonnes
2023-Q4,export_tonnes_by_destination,Hong Kong,,1431918,tonnes
2024-Q1,export_tonnes_by_destination,Hong Kong,,164999,tonnes
2024-Q2,export_tonnes_by_destination,Hong Kong,,1085628,tonnes
2024-Q3,export_tonnes_by_destination,Hong Kong,,1144530,tonnes
2024-Q4,export_tonnes_by_destination,Hong Kong,,1126273,tonnes
2025-Q1,export_tonnes_by_destination,Hong Kong,,636239,tonnes
2025-Q2,export_tonnes_by_destination,Hong Kong,,2165602,tonnes
2025-Q3,export_tonnes_by_destination,Hong Kong,,1816039,tonnes
2025-Q4,export_tonnes_by_destination,Hong Kong,,1599138,tonnes
2026-Q1,export_tonnes_by_destination,Hong Kong,,306829,tonnes
2010-Q1,export_tonnes_by_destination,India,,6275987,tonnes
2010-Q2,export_tonnes_by_destination,India,,8241360,tonnes
2010-Q3,export_tonnes_by_destination,India,,7718543,tonnes
2010-Q4,export_tonnes_by_destination,India,,6930955,tonnes
2011-Q1,export_tonnes_by_destination,India,,5211745,tonnes
2011-Q2,export_tonnes_by_destination,India,,7730491,tonnes
2011-Q3,export_tonnes_by_destination,India,,6224650,tonnes
2011-Q4,export_tonnes_by_destination,India,,6510942,tonnes
2012-Q1,export_tonnes_by_destination,India,,5824337,tonnes
2012-Q2,export_tonnes_by_destination,India,,6754708,tonnes
2012-Q3,export_tonnes_by_destination,India,,6392651,tonnes
2012-Q4,export_tonnes_by_destination,India,,6679791,tonnes
2013-Q1,export_tonnes_by_destination,India,,5495763,tonnes
2013-Q2,export_tonnes_by_destination,India,,7344402,tonnes
2013-Q3,export_tonnes_by_destination,India,,6987507,tonnes
2013-Q4,export_tonnes_by_destination,India,,7833892,tonnes
2014-Q1,export_tonnes_by_destination,India,,7064983,tonnes
2014-Q2,export_tonnes_by_destination,India,,9028626,tonnes
2014-Q3,export_tonnes_by_destination,India,,9498143,tonnes
2014-Q4,export_tonnes_by_destination,India,,8988250,tonnes
2015-Q1,export_tonnes_by_destination,India,,8025382,tonnes
2015-Q2,export_tonnes_by_destination,India,,8038840,tonnes
2015-Q3,export_tonnes_by_destination,India,,8573170,tonnes
2015-Q4,export_tonnes_by_destination,India,,7935721,tonnes
2016-Q1,export_tonnes_by_destination,India,,8491021,tonnes
2016-Q2,export_tonnes_by_destination,India,,9576141,tonnes
2016-Q3,export_tonnes_by_destination,India,,8128204,tonnes
2016-Q4,export_tonnes_by_destination,India,,8785358,tonnes
2017-Q1,export_tonnes_by_destination,India,,7908465,tonnes
2017-Q2,export_tonnes_by_destination,India,,7493530,tonnes
2017-Q3,export_tonnes_by_destination,India,,10858810,tonnes
2017-Q4,export_tonnes_by_destination,India,,10239172,tonnes
2018-Q1,export_tonnes_by_destination,India,,11016092,tonnes
2018-Q2,export_tonnes_by_destination,India,,7391027,tonnes
2018-Q3,export_tonnes_by_destination,India,,9939401,tonnes
2018-Q4,export_tonnes_by_destination,India,,9983807,tonnes
2019-Q1,export_tonnes_by_destination,India,,7070038,tonnes
2019-Q2,export_tonnes_by_destination,India,,9143547,tonnes
2019-Q3,export_tonnes_by_destination,India,,6737078,tonnes
2019-Q4,export_tonnes_by_destination,India,,8414980,tonnes
2020-Q1,export_tonnes_by_destination,India,,6240459,tonnes
2020-Q2,export_tonnes_by_destination,India,,4050889,tonnes
2020-Q3,export_tonnes_by_destination,India,,8612813,tonnes
2020-Q4,export_tonnes_by_destination,India,,9624197,tonnes
2021-Q1,export_tonnes_by_destination,India,,10667976,tonnes
2021-Q2,export_tonnes_by_destination,India,,11351659,tonnes
2021-Q3,export_tonnes_by_destination,India,,8854523,tonnes
2021-Q4,export_tonnes_by_destination,India,,9004482,tonnes
2022-Q1,export_tonnes_by_destination,India,,9411633,tonnes
2022-Q2,export_tonnes_by_destination,India,,7728771,tonnes
2022-Q3,export_tonnes_by_destination,India,,11562583,tonnes
2022-Q4,export_tonnes_by_destination,India,,10144200,tonnes
2023-Q1,export_tonnes_by_destination,India,,10797556,tonnes
2023-Q2,export_tonnes_by_destination,India,,13131074,tonnes
2023-Q3,export_tonnes_by_destination,India,,11113826,tonnes
2023-Q4,export_tonnes_by_destination,India,,12853257,tonnes
2024-Q1,export_tonnes_by_destination,India,,9807283,tonnes
2024-Q2,export_tonnes_by_destination,India,,11393167,tonnes
2024-Q3,export_tonnes_by_destination,India,,8461783,tonnes
2024-Q4,export_tonnes_by_destination,India,,8923561,tonnes
2025-Q1,export_tonnes_by_destination,India,,8755203,tonnes
2025-Q2,export_tonnes_by_destination,India,,11214894,tonnes
2025-Q3,export_tonnes_by_destination,India,,9440714,tonnes
2025-Q4,export_tonnes_by_destination,India,,9655458,tonnes
2026-Q1,export_tonnes_by_destination,India,,9159935,tonnes
2010-Q1,export_tonnes_by_destination,Indonesia,,0,tonnes
2010-Q2,export_tonnes_by_destination,Indonesia,,0,tonnes
2010-Q3,export_tonnes_by_destination,Indonesia,,0,tonnes
2010-Q4,export_tonnes_by_destination,Indonesia,,0,tonnes
2011-Q1,export_tonnes_by_destination,Indonesia,,0,tonnes
2011-Q2,export_tonnes_by_destination,Indonesia,,0,tonnes
2011-Q3,export_tonnes_by_destination,Indonesia,,0,tonnes
2011-Q4,export_tonnes_by_destination,Indonesia,,0,tonnes
2012-Q1,export_tonnes_by_destination,Indonesia,,0,tonnes
2012-Q2,export_tonnes_by_destination,Indonesia,,0,tonnes
2012-Q3,export_tonnes_by_destination,Indonesia,,0,tonnes
2012-Q4,export_tonnes_by_destination,Indonesia,,0,tonnes
2013-Q1,export_tonnes_by_destination,Indonesia,,0,tonnes
2013-Q2,export_tonnes_by_destination,Indonesia,,30800,tonnes
2013-Q3,export_tonnes_by_destination,Indonesia,,119896,tonnes
2013-Q4,export_tonnes_by_destination,Indonesia,,207889,tonnes
2014-Q1,export_tonnes_by_destination,Indonesia,,192247,tonnes
2014-Q2,export_tonnes_by_destination,Indonesia,,170171,tonnes
2014-Q3,export_tonnes_by_destination,Indonesia,,394107,tonnes
2014-Q4,export_tonnes_by_destination,Indonesia,,381767,tonnes
2015-Q1,export_tonnes_by_destination,Indonesia,,354242,tonnes
2015-Q2,export_tonnes_by_destination,Indonesia,,357191,tonnes
2015-Q3,export_tonnes_by_destination,Indonesia,,320882,tonnes
2015-Q4,export_tonnes_by_destination,Indonesia,,340526,tonnes
2016-Q1,export_tonnes_by_destination,Indonesia,,293593,tonnes
2016-Q2,export_tonnes_by_destination,Indonesia,,99738,tonnes
2016-Q3,export_tonnes_by_destination,Indonesia,,311795,tonnes
2016-Q4,export_tonnes_by_destination,Indonesia,,320053,tonnes
2017-Q1,export_tonnes_by_destination,Indonesia,,273118,tonnes
2017-Q2,export_tonnes_by_destination,Indonesia,,258685,tonnes
2017-Q3,export_tonnes_by_destination,Indonesia,,267068,tonnes
2017-Q4,export_tonnes_by_destination,Indonesia,,361262,tonnes
2018-Q1,export_tonnes_by_destination,Indonesia,,479711,tonnes
2018-Q2,export_tonnes_by_destination,Indonesia,,213371,tonnes
2018-Q3,export_tonnes_by_destination,Indonesia,,566368,tonnes
2018-Q4,export_tonnes_by_destination,Indonesia,,780610,tonnes
2019-Q1,export_tonnes_by_destination,Indonesia,,252361,tonnes
2019-Q2,export_tonnes_by_destination,Indonesia,,128225,tonnes
2019-Q3,export_tonnes_by_destination,Indonesia,,171653,tonnes
2019-Q4,export_tonnes_by_destination,Indonesia,,203532,tonnes
2020-Q1,export_tonnes_by_destination,Indonesia,,110031,tonnes
2020-Q2,export_tonnes_by_destination,Indonesia,,120998,tonnes
2020-Q3,export_tonnes_by_destination,Indonesia,,399070,tonnes
2020-Q4,export_tonnes_by_destination,Indonesia,,358541,tonnes
2021-Q1,export_tonnes_by_destination,Indonesia,,321708,tonnes
2021-Q2,export_tonnes_by_destination,Indonesia,,331055,tonnes
2021-Q3,export_tonnes_by_destination,Indonesia,,370757,tonnes
2021-Q4,export_tonnes_by_destination,Indonesia,,559222,tonnes
2022-Q1,export_tonnes_by_destination,Indonesia,,165918,tonnes
2022-Q2,export_tonnes_by_destination,Indonesia,,150106,tonnes
2022-Q3,export_tonnes_by_destination,Indonesia,,999232,tonnes
2022-Q4,export_tonnes_by_destination,Indonesia,,863713,tonnes
2023-Q1,export_tonnes_by_destination,Indonesia,,945281,tonnes
2023-Q2,export_tonnes_by_destination,Indonesia,,786097,tonnes
2023-Q3,export_tonnes_by_destination,Indonesia,,855388,tonnes
2023-Q4,export_tonnes_by_destination,Indonesia,,412346,tonnes
2024-Q1,export_tonnes_by_destination,Indonesia,,898418,tonnes
2024-Q2,export_tonnes_by_destination,Indonesia,,1525806,tonnes
2024-Q3,export_tonnes_by_destination,Indonesia,,972825,tonnes
2024-Q4,export_tonnes_by_destination,Indonesia,,1164446,tonnes
2025-Q1,export_tonnes_by_destination,Indonesia,,1139673,tonnes
2025-Q2,export_tonnes_by_destination,Indonesia,,1140166,tonnes
2025-Q3,export_tonnes_by_destination,Indonesia,,573139,tonnes
2025-Q4,export_tonnes_by_destination,Indonesia,,841478,tonnes
2026-Q1,export_tonnes_by_destination,Indonesia,,1072852,tonnes
2010-Q1,export_tonnes_by_destination,Japan,,13127625,tonnes
2010-Q2,export_tonnes_by_destination,Japan,,16213930,tonnes
2010-Q3,export_tonnes_by_destination,Japan,,14637645,tonnes
2010-Q4,export_tonnes_by_destination,Japan,,13943835,tonnes
2011-Q1,export_tonnes_by_destination,Japan,,10188411,tonnes
2011-Q2,export_tonnes_by_destination,Japan,,10546123,tonnes
2011-Q3,export_tonnes_by_destination,Japan,,12093068,tonnes
2011-Q4,export_tonnes_by_destination,Japan,,13306020,tonnes
2012-Q1,export_tonnes_by_destination,Japan,,9945225,tonnes
2012-Q2,export_tonnes_by_destination,Japan,,11523167,tonnes
2012-Q3,export_tonnes_by_destination,Japan,,12307305,tonnes
2012-Q4,export_tonnes_by_destination,Japan,,10939792,tonnes
2013-Q1,export_tonnes_by_destination,Japan,,10566795,tonnes
2013-Q2,export_tonnes_by_destination,Japan,,12211935,tonnes
2013-Q3,export_tonnes_by_destination,Japan,,13169840,tonnes
2013-Q4,export_tonnes_by_destination,Japan,,13496263,tonnes
2014-Q1,export_tonnes_by_destination,Japan,,11939751,tonnes
2014-Q2,export_tonnes_by_destination,Japan,,12847356,tonnes
2014-Q3,export_tonnes_by_destination,Japan,,12421789,tonnes
2014-Q4,export_tonnes_by_destination,Japan,,13154845,tonnes
2015-Q1,export_tonnes_by_destination,Japan,,11339259,tonnes
2015-Q2,export_tonnes_by_destination,Japan,,12840674,tonnes
2015-Q3,export_tonnes_by_destination,Japan,,13444503,tonnes
2015-Q4,export_tonnes_by_destination,Japan,,13274948,tonnes
2016-Q1,export_tonnes_by_destination,Japan,,10618115,tonnes
2016-Q2,export_tonnes_by_destination,Japan,,12240050,tonnes
2016-Q3,export_tonnes_by_destination,Japan,,13443163,tonnes
2016-Q4,export_tonnes_by_destination,Japan,,12924916,tonnes
2017-Q1,export_tonnes_by_destination,Japan,,10202570,tonnes
2017-Q2,export_tonnes_by_destination,Japan,,9604017,tonnes
2017-Q3,export_tonnes_by_destination,Japan,,11777581,tonnes
2017-Q4,export_tonnes_by_destination,Japan,,12489483,tonnes
2018-Q1,export_tonnes_by_destination,Japan,,12410586,tonnes
2018-Q2,export_tonnes_by_destination,Japan,,10061237,tonnes
2018-Q3,export_tonnes_by_destination,Japan,,11364511,tonnes
2018-Q4,export_tonnes_by_destination,Japan,,11687590,tonnes
2019-Q1,export_tonnes_by_destination,Japan,,10750110,tonnes
2019-Q2,export_tonnes_by_destination,Japan,,9855600,tonnes
2019-Q3,export_tonnes_by_destination,Japan,,10234878,tonnes
2019-Q4,export_tonnes_by_destination,Japan,,10736542,tonnes
2020-Q1,export_tonnes_by_destination,Japan,,9370478,tonnes
2020-Q2,export_tonnes_by_destination,Japan,,8010590,tonnes
2020-Q3,export_tonnes_by_destination,Japan,,8801720,tonnes
2020-Q4,export_tonnes_by_destination,Japan,,12590340,tonnes
2021-Q1,export_tonnes_by_destination,Japan,,10305070,tonnes
2021-Q2,export_tonnes_by_destination,Japan,,11232642,tonnes
2021-Q3,export_tonnes_by_destination,Japan,,12899374,tonnes
2021-Q4,export_tonnes_by_destination,Japan,,10368021,tonnes
2022-Q1,export_tonnes_by_destination,Japan,,10754028,tonnes
2022-Q2,export_tonnes_by_destination,Japan,,11546714,tonnes
2022-Q3,export_tonnes_by_destination,Japan,,11490538,tonnes
2022-Q4,export_tonnes_by_destination,Japan,,12607223,tonnes
2023-Q1,export_tonnes_by_destination,Japan,,10018671,tonnes
2023-Q2,export_tonnes_by_destination,Japan,,11121201,tonnes
2023-Q3,export_tonnes_by_destination,Japan,,9975869,tonnes
2023-Q4,export_tonnes_by_destination,Japan,,10399742,tonnes
2024-Q1,export_tonnes_by_destination,Japan,,11003701,tonnes
2024-Q2,export_tonnes_by_destination,Japan,,8784585,tonnes
2024-Q3,export_tonnes_by_destination,Japan,,10785091,tonnes
2024-Q4,export_tonnes_by_destination,Japan,,11586048,tonnes
2025-Q1,export_tonnes_by_destination,Japan,,8657209,tonnes
2025-Q2,export_tonnes_by_destination,Japan,,8619304,tonnes
2025-Q3,export_tonnes_by_destination,Japan,,11076056,tonnes
2025-Q4,export_tonnes_by_destination,Japan,,10264908,tonnes
2026-Q1,export_tonnes_by_destination,Japan,,9464418,tonnes
2010-Q1,export_tonnes_by_destination,Malaysia,,280890,tonnes
2010-Q2,export_tonnes_by_destination,Malaysia,,416652,tonnes
2010-Q3,export_tonnes_by_destination,Malaysia,,429803,tonnes
2010-Q4,export_tonnes_by_destination,Malaysia,,654399,tonnes
2011-Q1,export_tonnes_by_destination,Malaysia,,208023,tonnes
2011-Q2,export_tonnes_by_destination,Malaysia,,209901,tonnes
2011-Q3,export_tonnes_by_destination,Malaysia,,357506,tonnes
2011-Q4,export_tonnes_by_destination,Malaysia,,228140,tonnes
2012-Q1,export_tonnes_by_destination,Malaysia,,428182,tonnes
2012-Q2,export_tonnes_by_destination,Malaysia,,71500,tonnes
2012-Q3,export_tonnes_by_destination,Malaysia,,69854,tonnes
2012-Q4,export_tonnes_by_destination,Malaysia,,71500,tonnes
2013-Q1,export_tonnes_by_destination,Malaysia,,0,tonnes
2013-Q2,export_tonnes_by_destination,Malaysia,,213468,tonnes
2013-Q3,export_tonnes_by_destination,Malaysia,,358453,tonnes
2013-Q4,export_tonnes_by_destination,Malaysia,,357910,tonnes
2014-Q1,export_tonnes_by_destination,Malaysia,,70789,tonnes
2014-Q2,export_tonnes_by_destination,Malaysia,,215009,tonnes
2014-Q3,export_tonnes_by_destination,Malaysia,,292474,tonnes
2014-Q4,export_tonnes_by_destination,Malaysia,,76600,tonnes
2015-Q1,export_tonnes_by_destination,Malaysia,,222913,tonnes
2015-Q2,export_tonnes_by_destination,Malaysia,,363057,tonnes
2015-Q3,export_tonnes_by_destination,Malaysia,,319217,tonnes
2015-Q4,export_tonnes_by_destination,Malaysia,,212584,tonnes
2016-Q1,export_tonnes_by_destination,Malaysia,,213255,tonnes
2016-Q2,export_tonnes_by_destination,Malaysia,,471125,tonnes
2016-Q3,export_tonnes_by_destination,Malaysia,,276981,tonnes
2016-Q4,export_tonnes_by_destination,Malaysia,,295367,tonnes
2017-Q1,export_tonnes_by_destination,Malaysia,,218822,tonnes
2017-Q2,export_tonnes_by_destination,Malaysia,,296072,tonnes
2017-Q3,export_tonnes_by_destination,Malaysia,,217115,tonnes
2017-Q4,export_tonnes_by_destination,Malaysia,,367210,tonnes
2018-Q1,export_tonnes_by_destination,Malaysia,,491716,tonnes
2018-Q2,export_tonnes_by_destination,Malaysia,,491280,tonnes
2018-Q3,export_tonnes_by_destination,Malaysia,,485947,tonnes
2018-Q4,export_tonnes_by_destination,Malaysia,,427081,tonnes
2019-Q1,export_tonnes_by_destination,Malaysia,,538142,tonnes
2019-Q2,export_tonnes_by_destination,Malaysia,,786489,tonnes
2019-Q3,export_tonnes_by_destination,Malaysia,,680381,tonnes
2019-Q4,export_tonnes_by_destination,Malaysia,,703479,tonnes
2020-Q1,export_tonnes_by_destination,Malaysia,,771867,tonnes
2020-Q2,export_tonnes_by_destination,Malaysia,,869521,tonnes
2020-Q3,export_tonnes_by_destination,Malaysia,,713823,tonnes
2020-Q4,export_tonnes_by_destination,Malaysia,,795336,tonnes
2021-Q1,export_tonnes_by_destination,Malaysia,,601894,tonnes
2021-Q2,export_tonnes_by_destination,Malaysia,,823155,tonnes
2021-Q3,export_tonnes_by_destination,Malaysia,,517185,tonnes
2021-Q4,export_tonnes_by_destination,Malaysia,,346624,tonnes
2022-Q1,export_tonnes_by_destination,Malaysia,,528817,tonnes
2022-Q2,export_tonnes_by_destination,Malaysia,,649494,tonnes
2022-Q3,export_tonnes_by_destination,Malaysia,,686554,tonnes
2022-Q4,export_tonnes_by_destination,Malaysia,,869005,tonnes
2023-Q1,export_tonnes_by_destination,Malaysia,,343408,tonnes
2023-Q2,export_tonnes_by_destination,Malaysia,,645597,tonnes
2023-Q3,export_tonnes_by_destination,Malaysia,,676528,tonnes
2023-Q4,export_tonnes_by_destination,Malaysia,,429104,tonnes
2024-Q1,export_tonnes_by_destination,Malaysia,,146676,tonnes
2024-Q2,export_tonnes_by_destination,Malaysia,,234230,tonnes
2024-Q3,export_tonnes_by_destination,Malaysia,,348881,tonnes
2024-Q4,export_tonnes_by_destination,Malaysia,,188064,tonnes
2025-Q1,export_tonnes_by_destination,Malaysia,,134804,tonnes
2025-Q2,export_tonnes_by_destination,Malaysia,,255717,tonnes
2025-Q3,export_tonnes_by_destination,Malaysia,,250179,tonnes
2025-Q4,export_tonnes_by_destination,Malaysia,,340268,tonnes
2026-Q1,export_tonnes_by_destination,Malaysia,,82533,tonnes
2010-Q1,export_tonnes_by_destination,Netherlands,,698570,tonnes
2010-Q2,export_tonnes_by_destination,Netherlands,,1611403,tonnes
2010-Q3,export_tonnes_by_destination,Netherlands,,1301921,tonnes
2010-Q4,export_tonnes_by_destination,Netherlands,,997905,tonnes
2011-Q1,export_tonnes_by_destination,Netherlands,,1029959,tonnes
2011-Q2,export_tonnes_by_destination,Netherlands,,980847,tonnes
2011-Q3,export_tonnes_by_destination,Netherlands,,525570,tonnes
2011-Q4,export_tonnes_by_destination,Netherlands,,704604,tonnes
2012-Q1,export_tonnes_by_destination,Netherlands,,294059,tonnes
2012-Q2,export_tonnes_by_destination,Netherlands,,265225,tonnes
2012-Q3,export_tonnes_by_destination,Netherlands,,226990,tonnes
2012-Q4,export_tonnes_by_destination,Netherlands,,420699,tonnes
2013-Q1,export_tonnes_by_destination,Netherlands,,786238,tonnes
2013-Q2,export_tonnes_by_destination,Netherlands,,1129259,tonnes
2013-Q3,export_tonnes_by_destination,Netherlands,,945073,tonnes
2013-Q4,export_tonnes_by_destination,Netherlands,,858667,tonnes
2014-Q1,export_tonnes_by_destination,Netherlands,,847592,tonnes
2014-Q2,export_tonnes_by_destination,Netherlands,,908984,tonnes
2014-Q3,export_tonnes_by_destination,Netherlands,,852083,tonnes
2014-Q4,export_tonnes_by_destination,Netherlands,,608166,tonnes
2015-Q1,export_tonnes_by_destination,Netherlands,,587641,tonnes
2015-Q2,export_tonnes_by_destination,Netherlands,,235285,tonnes
2015-Q3,export_tonnes_by_destination,Netherlands,,458623,tonnes
2015-Q4,export_tonnes_by_destination,Netherlands,,549425,tonnes
2016-Q1,export_tonnes_by_destination,Netherlands,,328816,tonnes
2016-Q2,export_tonnes_by_destination,Netherlands,,585792,tonnes
2016-Q3,export_tonnes_by_destination,Netherlands,,707900,tonnes
2016-Q4,export_tonnes_by_destination,Netherlands,,1014847,tonnes
2017-Q1,export_tonnes_by_destination,Netherlands,,598882,tonnes
2017-Q2,export_tonnes_by_destination,Netherlands,,456593,tonnes
2017-Q3,export_tonnes_by_destination,Netherlands,,348379,tonnes
2017-Q4,export_tonnes_by_destination,Netherlands,,203412,tonnes
2018-Q1,export_tonnes_by_destination,Netherlands,,469860,tonnes
2018-Q2,export_tonnes_by_destination,Netherlands,,361102,tonnes
2018-Q3,export_tonnes_by_destination,Netherlands,,238095,tonnes
2018-Q4,export_tonnes_by_destination,Netherlands,,668907,tonnes
2019-Q1,export_tonnes_by_destination,Netherlands,,384665,tonnes
2019-Q2,export_tonnes_by_destination,Netherlands,,20207,tonnes
2019-Q3,export_tonnes_by_destination,Netherlands,,262237,tonnes
2019-Q4,export_tonnes_by_destination,Netherlands,,137478,tonnes
2020-Q1,export_tonnes_by_destination,Netherlands,,168577,tonnes
2020-Q2,export_tonnes_by_destination,Netherlands,,388656,tonnes
2020-Q3,export_tonnes_by_destination,Netherlands,,146744,tonnes
2020-Q4,export_tonnes_by_destination,Netherlands,,504405,tonnes
2021-Q1,export_tonnes_by_destination,Netherlands,,659135,tonnes
2021-Q2,export_tonnes_by_destination,Netherlands,,342023,tonnes
2021-Q3,export_tonnes_by_destination,Netherlands,,402745,tonnes
2021-Q4,export_tonnes_by_destination,Netherlands,,535793,tonnes
2022-Q1,export_tonnes_by_destination,Netherlands,,575582,tonnes
2022-Q2,export_tonnes_by_destination,Netherlands,,421490,tonnes
2022-Q3,export_tonnes_by_destination,Netherlands,,782781,tonnes
2022-Q4,export_tonnes_by_destination,Netherlands,,627109,tonnes
2023-Q1,export_tonnes_by_destination,Netherlands,,726967,tonnes
2023-Q2,export_tonnes_by_destination,Netherlands,,735969,tonnes
2023-Q3,export_tonnes_by_destination,Netherlands,,826506,tonnes
2023-Q4,export_tonnes_by_destination,Netherlands,,1158720,tonnes
2024-Q1,export_tonnes_by_destination,Netherlands,,1115774,tonnes
2024-Q2,export_tonnes_by_destination,Netherlands,,813115,tonnes
2024-Q3,export_tonnes_by_destination,Netherlands,,1038170,tonnes
2024-Q4,export_tonnes_by_destination,Netherlands,,1628507,tonnes
2025-Q1,export_tonnes_by_destination,Netherlands,,1041441,tonnes
2025-Q2,export_tonnes_by_destination,Netherlands,,1446689,tonnes
2025-Q3,export_tonnes_by_destination,Netherlands,,1998618,tonnes
2025-Q4,export_tonnes_by_destination,Netherlands,,2150375,tonnes
2026-Q1,export_tonnes_by_destination,Netherlands,,1434734,tonnes
2010-Q1,export_tonnes_by_destination,Other,,1845783,tonnes
2010-Q2,export_tonnes_by_destination,Other,,2388933,tonnes
2010-Q3,export_tonnes_by_destination,Other,,1950323,tonnes
2010-Q4,export_tonnes_by_destination,Other,,2127313,tonnes
2011-Q1,export_tonnes_by_destination,Other,,1366057,tonnes
2011-Q2,export_tonnes_by_destination,Other,,2023483,tonnes
2011-Q3,export_tonnes_by_destination,Other,,2291017,tonnes
2011-Q4,export_tonnes_by_destination,Other,,1635867,tonnes
2012-Q1,export_tonnes_by_destination,Other,,1838101,tonnes
2012-Q2,export_tonnes_by_destination,Other,,2128539,tonnes
2012-Q3,export_tonnes_by_destination,Other,,2088238,tonnes
2012-Q4,export_tonnes_by_destination,Other,,1719269,tonnes
2013-Q1,export_tonnes_by_destination,Other,,1874177,tonnes
2013-Q2,export_tonnes_by_destination,Other,,1367135,tonnes
2013-Q3,export_tonnes_by_destination,Other,,1737346,tonnes
2013-Q4,export_tonnes_by_destination,Other,,1819140,tonnes
2014-Q1,export_tonnes_by_destination,Other,,2099121,tonnes
2014-Q2,export_tonnes_by_destination,Other,,2043425,tonnes
2014-Q3,export_tonnes_by_destination,Other,,2152417,tonnes
2014-Q4,export_tonnes_by_destination,Other,,1446813,tonnes
2015-Q1,export_tonnes_by_destination,Other,,2686105,tonnes
2015-Q2,export_tonnes_by_destination,Other,,1807564,tonnes
2015-Q3,export_tonnes_by_destination,Other,,1985072,tonnes
2015-Q4,export_tonnes_by_destination,Other,,2462919,tonnes
2016-Q1,export_tonnes_by_destination,Other,,1883625,tonnes
2016-Q2,export_tonnes_by_destination,Other,,1931219,tonnes
2016-Q3,export_tonnes_by_destination,Other,,1972848,tonnes
2016-Q4,export_tonnes_by_destination,Other,,1471299,tonnes
2017-Q1,export_tonnes_by_destination,Other,,2002393,tonnes
2017-Q2,export_tonnes_by_destination,Other,,1374546,tonnes
2017-Q3,export_tonnes_by_destination,Other,,1933880,tonnes
2017-Q4,export_tonnes_by_destination,Other,,1802857,tonnes
2018-Q1,export_tonnes_by_destination,Other,,1675693,tonnes
2018-Q2,export_tonnes_by_destination,Other,,1652274,tonnes
2018-Q3,export_tonnes_by_destination,Other,,1893775,tonnes
2018-Q4,export_tonnes_by_destination,Other,,2582112,tonnes
2019-Q1,export_tonnes_by_destination,Other,,2293157,tonnes
2019-Q2,export_tonnes_by_destination,Other,,2922333,tonnes
2019-Q3,export_tonnes_by_destination,Other,,1857099,tonnes
2019-Q4,export_tonnes_by_destination,Other,,1671274,tonnes
2020-Q1,export_tonnes_by_destination,Other,,1681228,tonnes
2020-Q2,export_tonnes_by_destination,Other,,837704,tonnes
2020-Q3,export_tonnes_by_destination,Other,,933972,tonnes
2020-Q4,export_tonnes_by_destination,Other,,1952838,tonnes
2021-Q1,export_tonnes_by_destination,Other,,2344203,tonnes
2021-Q2,export_tonnes_by_destination,Other,,2651193,tonnes
2021-Q3,export_tonnes_by_destination,Other,,2428154,tonnes
2021-Q4,export_tonnes_by_destination,Other,,2326397,tonnes
2022-Q1,export_tonnes_by_destination,Other,,2163617,tonnes
2022-Q2,export_tonnes_by_destination,Other,,1963281,tonnes
2022-Q3,export_tonnes_by_destination,Other,,1489767,tonnes
2022-Q4,export_tonnes_by_destination,Other,,2069430,tonnes
2023-Q1,export_tonnes_by_destination,Other,,1391449,tonnes
2023-Q2,export_tonnes_by_destination,Other,,1958133,tonnes
2023-Q3,export_tonnes_by_destination,Other,,2890709,tonnes
2023-Q4,export_tonnes_by_destination,Other,,1390368,tonnes
2024-Q1,export_tonnes_by_destination,Other,,1403850,tonnes
2024-Q2,export_tonnes_by_destination,Other,,1614145,tonnes
2024-Q3,export_tonnes_by_destination,Other,,1606070,tonnes
2024-Q4,export_tonnes_by_destination,Other,,1858501,tonnes
2025-Q1,export_tonnes_by_destination,Other,,776246,tonnes
2025-Q2,export_tonnes_by_destination,Other,,1108083,tonnes
2025-Q3,export_tonnes_by_destination,Other,,911317,tonnes
2025-Q4,export_tonnes_by_destination,Other,,543487,tonnes
2026-Q1,export_tonnes_by_destination,Other,,520142,tonnes
2010-Q1,export_tonnes_by_destination,Singapore,,0,tonnes
2010-Q2,export_tonnes_by_destination,Singapore,,0,tonnes
2010-Q3,export_tonnes_by_destination,Singapore,,0,tonnes
2010-Q4,export_tonnes_by_destination,Singapore,,0,tonnes
2011-Q1,export_tonnes_by_destination,Singapore,,44000,tonnes
2011-Q2,export_tonnes_by_destination,Singapore,,0,tonnes
2011-Q3,export_tonnes_by_destination,Singapore,,181376,tonnes
2011-Q4,export_tonnes_by_destination,Singapore,,640774,tonnes
2012-Q1,export_tonnes_by_destination,Singapore,,248860,tonnes
2012-Q2,export_tonnes_by_destination,Singapore,,195939,tonnes
2012-Q3,export_tonnes_by_destination,Singapore,,316206,tonnes
2012-Q4,export_tonnes_by_destination,Singapore,,991357,tonnes
2013-Q1,export_tonnes_by_destination,Singapore,,1677489,tonnes
2013-Q2,export_tonnes_by_destination,Singapore,,2343873,tonnes
2013-Q3,export_tonnes_by_destination,Singapore,,2053427,tonnes
2013-Q4,export_tonnes_by_destination,Singapore,,2251941,tonnes
2014-Q1,export_tonnes_by_destination,Singapore,,1473434,tonnes
2014-Q2,export_tonnes_by_destination,Singapore,,2412531,tonnes
2014-Q3,export_tonnes_by_destination,Singapore,,2109397,tonnes
2014-Q4,export_tonnes_by_destination,Singapore,,2822405,tonnes
2015-Q1,export_tonnes_by_destination,Singapore,,2814935,tonnes
2015-Q2,export_tonnes_by_destination,Singapore,,3128723,tonnes
2015-Q3,export_tonnes_by_destination,Singapore,,2920132,tonnes
2015-Q4,export_tonnes_by_destination,Singapore,,3186098,tonnes
2016-Q1,export_tonnes_by_destination,Singapore,,4324922,tonnes
2016-Q2,export_tonnes_by_destination,Singapore,,3368466,tonnes
2016-Q3,export_tonnes_by_destination,Singapore,,2779264,tonnes
2016-Q4,export_tonnes_by_destination,Singapore,,3371088,tonnes
2017-Q1,export_tonnes_by_destination,Singapore,,2445944,tonnes
2017-Q2,export_tonnes_by_destination,Singapore,,1453145,tonnes
2017-Q3,export_tonnes_by_destination,Singapore,,476248,tonnes
2017-Q4,export_tonnes_by_destination,Singapore,,581973,tonnes
2018-Q1,export_tonnes_by_destination,Singapore,,61536,tonnes
2018-Q2,export_tonnes_by_destination,Singapore,,4156094,tonnes
2018-Q3,export_tonnes_by_destination,Singapore,,2297813,tonnes
2018-Q4,export_tonnes_by_destination,Singapore,,1253766,tonnes
2019-Q1,export_tonnes_by_destination,Singapore,,4108794,tonnes
2019-Q2,export_tonnes_by_destination,Singapore,,5142778,tonnes
2019-Q3,export_tonnes_by_destination,Singapore,,6278957,tonnes
2019-Q4,export_tonnes_by_destination,Singapore,,7741678,tonnes
2020-Q1,export_tonnes_by_destination,Singapore,,7332470,tonnes
2020-Q2,export_tonnes_by_destination,Singapore,,7215637,tonnes
2020-Q3,export_tonnes_by_destination,Singapore,,6247057,tonnes
2020-Q4,export_tonnes_by_destination,Singapore,,6767424,tonnes
2021-Q1,export_tonnes_by_destination,Singapore,,6019100,tonnes
2021-Q2,export_tonnes_by_destination,Singapore,,6500530,tonnes
2021-Q3,export_tonnes_by_destination,Singapore,,5724346,tonnes
2021-Q4,export_tonnes_by_destination,Singapore,,5435614,tonnes
2022-Q1,export_tonnes_by_destination,Singapore,,4514249,tonnes
2022-Q2,export_tonnes_by_destination,Singapore,,8185315,tonnes
2022-Q3,export_tonnes_by_destination,Singapore,,2032273,tonnes
2022-Q4,export_tonnes_by_destination,Singapore,,3710663,tonnes
2023-Q1,export_tonnes_by_destination,Singapore,,996804,tonnes
2023-Q2,export_tonnes_by_destination,Singapore,,2048778,tonnes
2023-Q3,export_tonnes_by_destination,Singapore,,1358902,tonnes
2023-Q4,export_tonnes_by_destination,Singapore,,1648998,tonnes
2024-Q1,export_tonnes_by_destination,Singapore,,2383796,tonnes
2024-Q2,export_tonnes_by_destination,Singapore,,1478702,tonnes
2024-Q3,export_tonnes_by_destination,Singapore,,1759863,tonnes
2024-Q4,export_tonnes_by_destination,Singapore,,901445,tonnes
2025-Q1,export_tonnes_by_destination,Singapore,,912524,tonnes
2025-Q2,export_tonnes_by_destination,Singapore,,663202,tonnes
2025-Q3,export_tonnes_by_destination,Singapore,,480310,tonnes
2025-Q4,export_tonnes_by_destination,Singapore,,760246,tonnes
2026-Q1,export_tonnes_by_destination,Singapore,,563198,tonnes
2010-Q1,export_tonnes_by_destination,South Korea,,5980114,tonnes
2010-Q2,export_tonnes_by_destination,South Korea,,5571288,tonnes
2010-Q3,export_tonnes_by_destination,South Korea,,6392343,tonnes
2010-Q4,export_tonnes_by_destination,South Korea,,6306090,tonnes
2011-Q1,export_tonnes_by_destination,South Korea,,4421048,tonnes
2011-Q2,export_tonnes_by_destination,South Korea,,5152511,tonnes
2011-Q3,export_tonnes_by_destination,South Korea,,5615354,tonnes
2011-Q4,export_tonnes_by_destination,South Korea,,6801074,tonnes
2012-Q1,export_tonnes_by_destination,South Korea,,5703269,tonnes
2012-Q2,export_tonnes_by_destination,South Korea,,5175178,tonnes
2012-Q3,export_tonnes_by_destination,South Korea,,5408677,tonnes
2012-Q4,export_tonnes_by_destination,South Korea,,5983334,tonnes
2013-Q1,export_tonnes_by_destination,South Korea,,6178004,tonnes
2013-Q2,export_tonnes_by_destination,South Korea,,6595455,tonnes
2013-Q3,export_tonnes_by_destination,South Korea,,5291317,tonnes
2013-Q4,export_tonnes_by_destination,South Korea,,5972644,tonnes
2014-Q1,export_tonnes_by_destination,South Korea,,6792114,tonnes
2014-Q2,export_tonnes_by_destination,South Korea,,6848559,tonnes
2014-Q3,export_tonnes_by_destination,South Korea,,5752896,tonnes
2014-Q4,export_tonnes_by_destination,South Korea,,6427463,tonnes
2015-Q1,export_tonnes_by_destination,South Korea,,5635554,tonnes
2015-Q2,export_tonnes_by_destination,South Korea,,6493613,tonnes
2015-Q3,export_tonnes_by_destination,South Korea,,7462835,tonnes
2015-Q4,export_tonnes_by_destination,South Korea,,8466534,tonnes
2016-Q1,export_tonnes_by_destination,South Korea,,8173743,tonnes
2016-Q2,export_tonnes_by_destination,South Korea,,6505044,tonnes
2016-Q3,export_tonnes_by_destination,South Korea,,6534273,tonnes
2016-Q4,export_tonnes_by_destination,South Korea,,5583853,tonnes
2017-Q1,export_tonnes_by_destination,South Korea,,6316948,tonnes
2017-Q2,export_tonnes_by_destination,South Korea,,5842504,tonnes
2017-Q3,export_tonnes_by_destination,South Korea,,6102350,tonnes
2017-Q4,export_tonnes_by_destination,South Korea,,6545318,tonnes
2018-Q1,export_tonnes_by_destination,South Korea,,6776588,tonnes
2018-Q2,export_tonnes_by_destination,South Korea,,4004973,tonnes
2018-Q3,export_tonnes_by_destination,South Korea,,6456051,tonnes
2018-Q4,export_tonnes_by_destination,South Korea,,8245939,tonnes
2019-Q1,export_tonnes_by_destination,South Korea,,6129702,tonnes
2019-Q2,export_tonnes_by_destination,South Korea,,5754963,tonnes
2019-Q3,export_tonnes_by_destination,South Korea,,4990442,tonnes
2019-Q4,export_tonnes_by_destination,South Korea,,5357002,tonnes
2020-Q1,export_tonnes_by_destination,South Korea,,5078119,tonnes
2020-Q2,export_tonnes_by_destination,South Korea,,4245136,tonnes
2020-Q3,export_tonnes_by_destination,South Korea,,4769002,tonnes
2020-Q4,export_tonnes_by_destination,South Korea,,5641906,tonnes
2021-Q1,export_tonnes_by_destination,South Korea,,5909154,tonnes
2021-Q2,export_tonnes_by_destination,South Korea,,6473144,tonnes
2021-Q3,export_tonnes_by_destination,South Korea,,6981352,tonnes
2021-Q4,export_tonnes_by_destination,South Korea,,5533252,tonnes
2022-Q1,export_tonnes_by_destination,South Korea,,6206159,tonnes
2022-Q2,export_tonnes_by_destination,South Korea,,4776398,tonnes
2022-Q3,export_tonnes_by_destination,South Korea,,4945896,tonnes
2022-Q4,export_tonnes_by_destination,South Korea,,6095477,tonnes
2023-Q1,export_tonnes_by_destination,South Korea,,6659442,tonnes
2023-Q2,export_tonnes_by_destination,South Korea,,6025107,tonnes
2023-Q3,export_tonnes_by_destination,South Korea,,5857498,tonnes
2023-Q4,export_tonnes_by_destination,South Korea,,7060300,tonnes
2024-Q1,export_tonnes_by_destination,South Korea,,5077449,tonnes
2024-Q2,export_tonnes_by_destination,South Korea,,5911141,tonnes
2024-Q3,export_tonnes_by_destination,South Korea,,6274896,tonnes
2024-Q4,export_tonnes_by_destination,South Korea,,6045352,tonnes
2025-Q1,export_tonnes_by_destination,South Korea,,6407990,tonnes
2025-Q2,export_tonnes_by_destination,South Korea,,6026475,tonnes
2025-Q3,export_tonnes_by_destination,South Korea,,8101425,tonnes
2025-Q4,export_tonnes_by_destination,South Korea,,7785903,tonnes
2026-Q1,export_tonnes_by_destination,South Korea,,7948261,tonnes
2010-Q1,export_tonnes_by_destination,Spain,,262320,tonnes
2010-Q2,export_tonnes_by_destination,Spain,,390246,tonnes
2010-Q3,export_tonnes_by_destination,Spain,,630977,tonnes
2010-Q4,export_tonnes_by_destination,Spain,,553668,tonnes
2011-Q1,export_tonnes_by_destination,Spain,,54781,tonnes
2011-Q2,export_tonnes_by_destination,Spain,,543084,tonnes
2011-Q3,export_tonnes_by_destination,Spain,,592488,tonnes
2011-Q4,export_tonnes_by_destination,Spain,,560206,tonnes
2012-Q1,export_tonnes_by_destination,Spain,,467272,tonnes
2012-Q2,export_tonnes_by_destination,Spain,,292820,tonnes
2012-Q3,export_tonnes_by_destination,Spain,,355571,tonnes
2012-Q4,export_tonnes_by_destination,Spain,,336519,tonnes
2013-Q1,export_tonnes_by_destination,Spain,,318058,tonnes
2013-Q2,export_tonnes_by_destination,Spain,,214545,tonnes
2013-Q3,export_tonnes_by_destination,Spain,,211860,tonnes
2013-Q4,export_tonnes_by_destination,Spain,,274185,tonnes
2014-Q1,export_tonnes_by_destination,Spain,,256441,tonnes
2014-Q2,export_tonnes_by_destination,Spain,,148390,tonnes
2014-Q3,export_tonnes_by_destination,Spain,,264901,tonnes
2014-Q4,export_tonnes_by_destination,Spain,,371383,tonnes
2015-Q1,export_tonnes_by_destination,Spain,,229725,tonnes
2015-Q2,export_tonnes_by_destination,Spain,,221463,tonnes
2015-Q3,export_tonnes_by_destination,Spain,,288941,tonnes
2015-Q4,export_tonnes_by_destination,Spain,,352362,tonnes
2016-Q1,export_tonnes_by_destination,Spain,,242845,tonnes
2016-Q2,export_tonnes_by_destination,Spain,,176083,tonnes
2016-Q3,export_tonnes_by_destination,Spain,,380698,tonnes
2016-Q4,export_tonnes_by_destination,Spain,,415192,tonnes
2017-Q1,export_tonnes_by_destination,Spain,,233167,tonnes
2017-Q2,export_tonnes_by_destination,Spain,,95572,tonnes
2017-Q3,export_tonnes_by_destination,Spain,,287786,tonnes
2017-Q4,export_tonnes_by_destination,Spain,,268359,tonnes
2018-Q1,export_tonnes_by_destination,Spain,,298671,tonnes
2018-Q2,export_tonnes_by_destination,Spain,,303143,tonnes
2018-Q3,export_tonnes_by_destination,Spain,,212854,tonnes
2018-Q4,export_tonnes_by_destination,Spain,,153626,tonnes
2019-Q1,export_tonnes_by_destination,Spain,,169997,tonnes
2019-Q2,export_tonnes_by_destination,Spain,,210046,tonnes
2019-Q3,export_tonnes_by_destination,Spain,,153959,tonnes
2019-Q4,export_tonnes_by_destination,Spain,,168986,tonnes
2020-Q1,export_tonnes_by_destination,Spain,,268045,tonnes
2020-Q2,export_tonnes_by_destination,Spain,,58971,tonnes
2020-Q3,export_tonnes_by_destination,Spain,,35247,tonnes
2020-Q4,export_tonnes_by_destination,Spain,,209086,tonnes
2021-Q1,export_tonnes_by_destination,Spain,,178821,tonnes
2021-Q2,export_tonnes_by_destination,Spain,,118445,tonnes
2021-Q3,export_tonnes_by_destination,Spain,,193588,tonnes
2021-Q4,export_tonnes_by_destination,Spain,,50628,tonnes
2022-Q1,export_tonnes_by_destination,Spain,,150556,tonnes
2022-Q2,export_tonnes_by_destination,Spain,,124299,tonnes
2022-Q3,export_tonnes_by_destination,Spain,,156336,tonnes
2022-Q4,export_tonnes_by_destination,Spain,,155995,tonnes
2023-Q1,export_tonnes_by_destination,Spain,,116152,tonnes
2023-Q2,export_tonnes_by_destination,Spain,,236877,tonnes
2023-Q3,export_tonnes_by_destination,Spain,,130944,tonnes
2023-Q4,export_tonnes_by_destination,Spain,,188583,tonnes
2024-Q1,export_tonnes_by_destination,Spain,,207404,tonnes
2024-Q2,export_tonnes_by_destination,Spain,,178341,tonnes
2024-Q3,export_tonnes_by_destination,Spain,,169329,tonnes
2024-Q4,export_tonnes_by_destination,Spain,,110152,tonnes
2025-Q1,export_tonnes_by_destination,Spain,,263293,tonnes
2025-Q2,export_tonnes_by_destination,Spain,,114137,tonnes
2025-Q3,export_tonnes_by_destination,Spain,,117955,tonnes
2025-Q4,export_tonnes_by_destination,Spain,,398794,tonnes
2026-Q1,export_tonnes_by_destination,Spain,,274790,tonnes
2010-Q1,export_tonnes_by_destination,Sweden,,296822,tonnes
2010-Q2,export_tonnes_by_destination,Sweden,,361234,tonnes
2010-Q3,export_tonnes_by_destination,Sweden,,505993,tonnes
2010-Q4,export_tonnes_by_destination,Sweden,,141952,tonnes
2011-Q1,export_tonnes_by_destination,Sweden,,0,tonnes
2011-Q2,export_tonnes_by_destination,Sweden,,447969,tonnes
2011-Q3,export_tonnes_by_destination,Sweden,,432360,tonnes
2011-Q4,export_tonnes_by_destination,Sweden,,70557,tonnes
2012-Q1,export_tonnes_by_destination,Sweden,,72004,tonnes
2012-Q2,export_tonnes_by_destination,Sweden,,296710,tonnes
2012-Q3,export_tonnes_by_destination,Sweden,,465210,tonnes
2012-Q4,export_tonnes_by_destination,Sweden,,74396,tonnes
2013-Q1,export_tonnes_by_destination,Sweden,,71704,tonnes
2013-Q2,export_tonnes_by_destination,Sweden,,228071,tonnes
2013-Q3,export_tonnes_by_destination,Sweden,,531986,tonnes
2013-Q4,export_tonnes_by_destination,Sweden,,77252,tonnes
2014-Q1,export_tonnes_by_destination,Sweden,,158608,tonnes
2014-Q2,export_tonnes_by_destination,Sweden,,376351,tonnes
2014-Q3,export_tonnes_by_destination,Sweden,,230648,tonnes
2014-Q4,export_tonnes_by_destination,Sweden,,160218,tonnes
2015-Q1,export_tonnes_by_destination,Sweden,,150866,tonnes
2015-Q2,export_tonnes_by_destination,Sweden,,461300,tonnes
2015-Q3,export_tonnes_by_destination,Sweden,,571626,tonnes
2015-Q4,export_tonnes_by_destination,Sweden,,79666,tonnes
2016-Q1,export_tonnes_by_destination,Sweden,,162357,tonnes
2016-Q2,export_tonnes_by_destination,Sweden,,444429,tonnes
2016-Q3,export_tonnes_by_destination,Sweden,,456820,tonnes
2016-Q4,export_tonnes_by_destination,Sweden,,153632,tonnes
2017-Q1,export_tonnes_by_destination,Sweden,,78949,tonnes
2017-Q2,export_tonnes_by_destination,Sweden,,242107,tonnes
2017-Q3,export_tonnes_by_destination,Sweden,,394286,tonnes
2017-Q4,export_tonnes_by_destination,Sweden,,0,tonnes
2018-Q1,export_tonnes_by_destination,Sweden,,161771,tonnes
2018-Q2,export_tonnes_by_destination,Sweden,,261649,tonnes
2018-Q3,export_tonnes_by_destination,Sweden,,349031,tonnes
2018-Q4,export_tonnes_by_destination,Sweden,,80746,tonnes
2019-Q1,export_tonnes_by_destination,Sweden,,123810,tonnes
2019-Q2,export_tonnes_by_destination,Sweden,,317861,tonnes
2019-Q3,export_tonnes_by_destination,Sweden,,597353,tonnes
2019-Q4,export_tonnes_by_destination,Sweden,,82500,tonnes
2020-Q1,export_tonnes_by_destination,Sweden,,159054,tonnes
2020-Q2,export_tonnes_by_destination,Sweden,,322406,tonnes
2020-Q3,export_tonnes_by_destination,Sweden,,460510,tonnes
2020-Q4,export_tonnes_by_destination,Sweden,,155021,tonnes
2021-Q1,export_tonnes_by_destination,Sweden,,78606,tonnes
2021-Q2,export_tonnes_by_destination,Sweden,,311515,tonnes
2021-Q3,export_tonnes_by_destination,Sweden,,377664,tonnes
2021-Q4,export_tonnes_by_destination,Sweden,,78935,tonnes
2022-Q1,export_tonnes_by_destination,Sweden,,158713,tonnes
2022-Q2,export_tonnes_by_destination,Sweden,,413497,tonnes
2022-Q3,export_tonnes_by_destination,Sweden,,361184,tonnes
2022-Q4,export_tonnes_by_destination,Sweden,,163909,tonnes
2023-Q1,export_tonnes_by_destination,Sweden,,160997,tonnes
2023-Q2,export_tonnes_by_destination,Sweden,,282458,tonnes
2023-Q3,export_tonnes_by_destination,Sweden,,391149,tonnes
2023-Q4,export_tonnes_by_destination,Sweden,,157492,tonnes
2024-Q1,export_tonnes_by_destination,Sweden,,79545,tonnes
2024-Q2,export_tonnes_by_destination,Sweden,,436669,tonnes
2024-Q3,export_tonnes_by_destination,Sweden,,565157,tonnes
2024-Q4,export_tonnes_by_destination,Sweden,,158815,tonnes
2025-Q1,export_tonnes_by_destination,Sweden,,175785,tonnes
2025-Q2,export_tonnes_by_destination,Sweden,,355168,tonnes
2025-Q3,export_tonnes_by_destination,Sweden,,444178,tonnes
2025-Q4,export_tonnes_by_destination,Sweden,,0,tonnes
2026-Q1,export_tonnes_by_destination,Sweden,,167888,tonnes
2010-Q1,export_tonnes_by_destination,Switzerland,,0,tonnes
2010-Q2,export_tonnes_by_destination,Switzerland,,74454,tonnes
2010-Q3,export_tonnes_by_destination,Switzerland,,0,tonnes
2010-Q4,export_tonnes_by_destination,Switzerland,,64097,tonnes
2011-Q1,export_tonnes_by_destination,Switzerland,,0,tonnes
2011-Q2,export_tonnes_by_destination,Switzerland,,0,tonnes
2011-Q3,export_tonnes_by_destination,Switzerland,,0,tonnes
2011-Q4,export_tonnes_by_destination,Switzerland,,0,tonnes
2012-Q1,export_tonnes_by_destination,Switzerland,,11000,tonnes
2012-Q2,export_tonnes_by_destination,Switzerland,,68098,tonnes
2012-Q3,export_tonnes_by_destination,Switzerland,,0,tonnes
2012-Q4,export_tonnes_by_destination,Switzerland,,650488,tonnes
2013-Q1,export_tonnes_by_destination,Switzerland,,414788,tonnes
2013-Q2,export_tonnes_by_destination,Switzerland,,313534,tonnes
2013-Q3,export_tonnes_by_destination,Switzerland,,245684,tonnes
2013-Q4,export_tonnes_by_destination,Switzerland,,339320,tonnes
2014-Q1,export_tonnes_by_destination,Switzerland,,410000,tonnes
2014-Q2,export_tonnes_by_destination,Switzerland,,886688,tonnes
2014-Q3,export_tonnes_by_destination,Switzerland,,306094,tonnes
2014-Q4,export_tonnes_by_destination,Switzerland,,1035788,tonnes
2015-Q1,export_tonnes_by_destination,Switzerland,,629035,tonnes
2015-Q2,export_tonnes_by_destination,Switzerland,,1015063,tonnes
2015-Q3,export_tonnes_by_destination,Switzerland,,1108085,tonnes
2015-Q4,export_tonnes_by_destination,Switzerland,,1013148,tonnes
2016-Q1,export_tonnes_by_destination,Switzerland,,1059208,tonnes
2016-Q2,export_tonnes_by_destination,Switzerland,,1226757,tonnes
2016-Q3,export_tonnes_by_destination,Switzerland,,863347,tonnes
2016-Q4,export_tonnes_by_destination,Switzerland,,323180,tonnes
2017-Q1,export_tonnes_by_destination,Switzerland,,840029,tonnes
2017-Q2,export_tonnes_by_destination,Switzerland,,400855,tonnes
2017-Q3,export_tonnes_by_destination,Switzerland,,217966,tonnes
2017-Q4,export_tonnes_by_destination,Switzerland,,77577,tonnes
2018-Q1,export_tonnes_by_destination,Switzerland,,117610,tonnes
2018-Q2,export_tonnes_by_destination,Switzerland,,1948944,tonnes
2018-Q3,export_tonnes_by_destination,Switzerland,,1177548,tonnes
2018-Q4,export_tonnes_by_destination,Switzerland,,307332,tonnes
2019-Q1,export_tonnes_by_destination,Switzerland,,976562,tonnes
2019-Q2,export_tonnes_by_destination,Switzerland,,2176703,tonnes
2019-Q3,export_tonnes_by_destination,Switzerland,,2606735,tonnes
2019-Q4,export_tonnes_by_destination,Switzerland,,2628556,tonnes
2020-Q1,export_tonnes_by_destination,Switzerland,,1295003,tonnes
2020-Q2,export_tonnes_by_destination,Switzerland,,1824951,tonnes
2020-Q3,export_tonnes_by_destination,Switzerland,,1358728,tonnes
2020-Q4,export_tonnes_by_destination,Switzerland,,389524,tonnes
2021-Q1,export_tonnes_by_destination,Switzerland,,2186330,tonnes
2021-Q2,export_tonnes_by_destination,Switzerland,,1792402,tonnes
2021-Q3,export_tonnes_by_destination,Switzerland,,3451654,tonnes
2021-Q4,export_tonnes_by_destination,Switzerland,,3534210,tonnes
2022-Q1,export_tonnes_by_destination,Switzerland,,2632957,tonnes
2022-Q2,export_tonnes_by_destination,Switzerland,,3509711,tonnes
2022-Q3,export_tonnes_by_destination,Switzerland,,2737520,tonnes
2022-Q4,export_tonnes_by_destination,Switzerland,,2619611,tonnes
2023-Q1,export_tonnes_by_destination,Switzerland,,478448,tonnes
2023-Q2,export_tonnes_by_destination,Switzerland,,0,tonnes
2023-Q3,export_tonnes_by_destination,Switzerland,,44000,tonnes
2023-Q4,export_tonnes_by_destination,Switzerland,,1364943,tonnes
2024-Q1,export_tonnes_by_destination,Switzerland,,415318,tonnes
2024-Q2,export_tonnes_by_destination,Switzerland,,122809,tonnes
2024-Q3,export_tonnes_by_destination,Switzerland,,165000,tonnes
2024-Q4,export_tonnes_by_destination,Switzerland,,165000,tonnes
2025-Q1,export_tonnes_by_destination,Switzerland,,569181,tonnes
2025-Q2,export_tonnes_by_destination,Switzerland,,78978,tonnes
2025-Q3,export_tonnes_by_destination,Switzerland,,417038,tonnes
2025-Q4,export_tonnes_by_destination,Switzerland,,0,tonnes
2026-Q1,export_tonnes_by_destination,Switzerland,,80685,tonnes
2010-Q1,export_tonnes_by_destination,Taiwan,,2616353,tonnes
2010-Q2,export_tonnes_by_destination,Taiwan,,3786877,tonnes
2010-Q3,export_tonnes_by_destination,Taiwan,,3524387,tonnes
2010-Q4,export_tonnes_by_destination,Taiwan,,3463611,tonnes
2011-Q1,export_tonnes_by_destination,Taiwan,,1826117,tonnes
2011-Q2,export_tonnes_by_destination,Taiwan,,2471655,tonnes
2011-Q3,export_tonnes_by_destination,Taiwan,,2763582,tonnes
2011-Q4,export_tonnes_by_destination,Taiwan,,3135684,tonnes
2012-Q1,export_tonnes_by_destination,Taiwan,,2761021,tonnes
2012-Q2,export_tonnes_by_destination,Taiwan,,2891221,tonnes
2012-Q3,export_tonnes_by_destination,Taiwan,,2624587,tonnes
2012-Q4,export_tonnes_by_destination,Taiwan,,2683601,tonnes
2013-Q1,export_tonnes_by_destination,Taiwan,,2621075,tonnes
2013-Q2,export_tonnes_by_destination,Taiwan,,2525466,tonnes
2013-Q3,export_tonnes_by_destination,Taiwan,,2638263,tonnes
2013-Q4,export_tonnes_by_destination,Taiwan,,2418867,tonnes
2014-Q1,export_tonnes_by_destination,Taiwan,,2799431,tonnes
2014-Q2,export_tonnes_by_destination,Taiwan,,2338691,tonnes
2014-Q3,export_tonnes_by_destination,Taiwan,,2696226,tonnes
2014-Q4,export_tonnes_by_destination,Taiwan,,2988590,tonnes
2015-Q1,export_tonnes_by_destination,Taiwan,,2809526,tonnes
2015-Q2,export_tonnes_by_destination,Taiwan,,2532581,tonnes
2015-Q3,export_tonnes_by_destination,Taiwan,,2186568,tonnes
2015-Q4,export_tonnes_by_destination,Taiwan,,2667097,tonnes
2016-Q1,export_tonnes_by_destination,Taiwan,,2594719,tonnes
2016-Q2,export_tonnes_by_destination,Taiwan,,2743632,tonnes
2016-Q3,export_tonnes_by_destination,Taiwan,,2607662,tonnes
2016-Q4,export_tonnes_by_destination,Taiwan,,3121686,tonnes
2017-Q1,export_tonnes_by_destination,Taiwan,,2536689,tonnes
2017-Q2,export_tonnes_by_destination,Taiwan,,2020040,tonnes
2017-Q3,export_tonnes_by_destination,Taiwan,,3051369,tonnes
2017-Q4,export_tonnes_by_destination,Taiwan,,2493219,tonnes
2018-Q1,export_tonnes_by_destination,Taiwan,,2434420,tonnes
2018-Q2,export_tonnes_by_destination,Taiwan,,2750018,tonnes
2018-Q3,export_tonnes_by_destination,Taiwan,,2832742,tonnes
2018-Q4,export_tonnes_by_destination,Taiwan,,2453891,tonnes
2019-Q1,export_tonnes_by_destination,Taiwan,,2651942,tonnes
2019-Q2,export_tonnes_by_destination,Taiwan,,2960833,tonnes
2019-Q3,export_tonnes_by_destination,Taiwan,,2578127,tonnes
2019-Q4,export_tonnes_by_destination,Taiwan,,1947056,tonnes
2020-Q1,export_tonnes_by_destination,Taiwan,,2253178,tonnes
2020-Q2,export_tonnes_by_destination,Taiwan,,2115028,tonnes
2020-Q3,export_tonnes_by_destination,Taiwan,,1571026,tonnes
2020-Q4,export_tonnes_by_destination,Taiwan,,1614960,tonnes
2021-Q1,export_tonnes_by_destination,Taiwan,,2458256,tonnes
2021-Q2,export_tonnes_by_destination,Taiwan,,3058702,tonnes
2021-Q3,export_tonnes_by_destination,Taiwan,,2775970,tonnes
2021-Q4,export_tonnes_by_destination,Taiwan,,2506430,tonnes
2022-Q1,export_tonnes_by_destination,Taiwan,,2477345,tonnes
2022-Q2,export_tonnes_by_destination,Taiwan,,3381442,tonnes
2022-Q3,export_tonnes_by_destination,Taiwan,,3256192,tonnes
2022-Q4,export_tonnes_by_destination,Taiwan,,1877352,tonnes
2023-Q1,export_tonnes_by_destination,Taiwan,,2327174,tonnes
2023-Q2,export_tonnes_by_destination,Taiwan,,2944563,tonnes
2023-Q3,export_tonnes_by_destination,Taiwan,,1866834,tonnes
2023-Q4,export_tonnes_by_destination,Taiwan,,2157135,tonnes
2024-Q1,export_tonnes_by_destination,Taiwan,,1710831,tonnes
2024-Q2,export_tonnes_by_destination,Taiwan,,2637761,tonnes
2024-Q3,export_tonnes_by_destination,Taiwan,,1860525,tonnes
2024-Q4,export_tonnes_by_destination,Taiwan,,2133568,tonnes
2025-Q1,export_tonnes_by_destination,Taiwan,,2125824,tonnes
2025-Q2,export_tonnes_by_destination,Taiwan,,1953388,tonnes
2025-Q3,export_tonnes_by_destination,Taiwan,,1804917,tonnes
2025-Q4,export_tonnes_by_destination,Taiwan,,2159529,tonnes
2026-Q1,export_tonnes_by_destination,Taiwan,,1745306,tonnes
2010-Q1,export_tonnes_by_destination,Turkey,,252482,tonnes
2010-Q2,export_tonnes_by_destination,Turkey,,503097,tonnes
2010-Q3,export_tonnes_by_destination,Turkey,,488393,tonnes
2010-Q4,export_tonnes_by_destination,Turkey,,326854,tonnes
2011-Q1,export_tonnes_by_destination,Turkey,,0,tonnes
2011-Q2,export_tonnes_by_destination,Turkey,,0,tonnes
2011-Q3,export_tonnes_by_destination,Turkey,,162476,tonnes
2011-Q4,export_tonnes_by_destination,Turkey,,485848,tonnes
2012-Q1,export_tonnes_by_destination,Turkey,,566455,tonnes
2012-Q2,export_tonnes_by_destination,Turkey,,325436,tonnes
2012-Q3,export_tonnes_by_destination,Turkey,,163670,tonnes
2012-Q4,export_tonnes_by_destination,Turkey,,494338,tonnes
2013-Q1,export_tonnes_by_destination,Turkey,,160752,tonnes
2013-Q2,export_tonnes_by_destination,Turkey,,329998,tonnes
2013-Q3,export_tonnes_by_destination,Turkey,,164989,tonnes
2013-Q4,export_tonnes_by_destination,Turkey,,0,tonnes
2014-Q1,export_tonnes_by_destination,Turkey,,0,tonnes
2014-Q2,export_tonnes_by_destination,Turkey,,240227,tonnes
2014-Q3,export_tonnes_by_destination,Turkey,,30894,tonnes
2014-Q4,export_tonnes_by_destination,Turkey,,279323,tonnes
2015-Q1,export_tonnes_by_destination,Turkey,,494851,tonnes
2015-Q2,export_tonnes_by_destination,Turkey,,668603,tonnes
2015-Q3,export_tonnes_by_destination,Turkey,,623603,tonnes
2015-Q4,export_tonnes_by_destination,Turkey,,205030,tonnes
2016-Q1,export_tonnes_by_destination,Turkey,,466306,tonnes
2016-Q2,export_tonnes_by_destination,Turkey,,333821,tonnes
2016-Q3,export_tonnes_by_destination,Turkey,,380058,tonnes
2016-Q4,export_tonnes_by_destination,Turkey,,80100,tonnes
2017-Q1,export_tonnes_by_destination,Turkey,,558441,tonnes
2017-Q2,export_tonnes_by_destination,Turkey,,220667,tonnes
2017-Q3,export_tonnes_by_destination,Turkey,,170157,tonnes
2017-Q4,export_tonnes_by_destination,Turkey,,412459,tonnes
2018-Q1,export_tonnes_by_destination,Turkey,,0,tonnes
2018-Q2,export_tonnes_by_destination,Turkey,,0,tonnes
2018-Q3,export_tonnes_by_destination,Turkey,,258244,tonnes
2018-Q4,export_tonnes_by_destination,Turkey,,72894,tonnes
2019-Q1,export_tonnes_by_destination,Turkey,,445603,tonnes
2019-Q2,export_tonnes_by_destination,Turkey,,503014,tonnes
2019-Q3,export_tonnes_by_destination,Turkey,,168672,tonnes
2019-Q4,export_tonnes_by_destination,Turkey,,194260,tonnes
2020-Q1,export_tonnes_by_destination,Turkey,,141545,tonnes
2020-Q2,export_tonnes_by_destination,Turkey,,0,tonnes
2020-Q3,export_tonnes_by_destination,Turkey,,260056,tonnes
2020-Q4,export_tonnes_by_destination,Turkey,,750222,tonnes
2021-Q1,export_tonnes_by_destination,Turkey,,485855,tonnes
2021-Q2,export_tonnes_by_destination,Turkey,,283866,tonnes
2021-Q3,export_tonnes_by_destination,Turkey,,163999,tonnes
2021-Q4,export_tonnes_by_destination,Turkey,,464774,tonnes
2022-Q1,export_tonnes_by_destination,Turkey,,326913,tonnes
2022-Q2,export_tonnes_by_destination,Turkey,,286987,tonnes
2022-Q3,export_tonnes_by_destination,Turkey,,653976,tonnes
2022-Q4,export_tonnes_by_destination,Turkey,,825336,tonnes
2023-Q1,export_tonnes_by_destination,Turkey,,403716,tonnes
2023-Q2,export_tonnes_by_destination,Turkey,,500327,tonnes
2023-Q3,export_tonnes_by_destination,Turkey,,591518,tonnes
2023-Q4,export_tonnes_by_destination,Turkey,,700501,tonnes
2024-Q1,export_tonnes_by_destination,Turkey,,621146,tonnes
2024-Q2,export_tonnes_by_destination,Turkey,,581894,tonnes
2024-Q3,export_tonnes_by_destination,Turkey,,699635,tonnes
2024-Q4,export_tonnes_by_destination,Turkey,,577706,tonnes
2025-Q1,export_tonnes_by_destination,Turkey,,81809,tonnes
2025-Q2,export_tonnes_by_destination,Turkey,,568500,tonnes
2025-Q3,export_tonnes_by_destination,Turkey,,246573,tonnes
2025-Q4,export_tonnes_by_destination,Turkey,,398083,tonnes
2026-Q1,export_tonnes_by_destination,Turkey,,335494,tonnes
2010-Q1,export_tonnes_by_destination,United Kingdom,,987824,tonnes
2010-Q2,export_tonnes_by_destination,United Kingdom,,1324542,tonnes
2010-Q3,export_tonnes_by_destination,United Kingdom,,1018183,tonnes
2010-Q4,export_tonnes_by_destination,United Kingdom,,603160,tonnes
2011-Q1,export_tonnes_by_destination,United Kingdom,,344623,tonnes
2011-Q2,export_tonnes_by_destination,United Kingdom,,1114833,tonnes
2011-Q3,export_tonnes_by_destination,United Kingdom,,1038777,tonnes
2011-Q4,export_tonnes_by_destination,United Kingdom,,700746,tonnes
2012-Q1,export_tonnes_by_destination,United Kingdom,,684485,tonnes
2012-Q2,export_tonnes_by_destination,United Kingdom,,900309,tonnes
2012-Q3,export_tonnes_by_destination,United Kingdom,,225793,tonnes
2012-Q4,export_tonnes_by_destination,United Kingdom,,499462,tonnes
2013-Q1,export_tonnes_by_destination,United Kingdom,,419294,tonnes
2013-Q2,export_tonnes_by_destination,United Kingdom,,478841,tonnes
2013-Q3,export_tonnes_by_destination,United Kingdom,,541052,tonnes
2013-Q4,export_tonnes_by_destination,United Kingdom,,137893,tonnes
2014-Q1,export_tonnes_by_destination,United Kingdom,,321193,tonnes
2014-Q2,export_tonnes_by_destination,United Kingdom,,118348,tonnes
2014-Q3,export_tonnes_by_destination,United Kingdom,,398071,tonnes
2014-Q4,export_tonnes_by_destination,United Kingdom,,206418,tonnes
2015-Q1,export_tonnes_by_destination,United Kingdom,,334968,tonnes
2015-Q2,export_tonnes_by_destination,United Kingdom,,122478,tonnes
2015-Q3,export_tonnes_by_destination,United Kingdom,,317541,tonnes
2015-Q4,export_tonnes_by_destination,United Kingdom,,133173,tonnes
2016-Q1,export_tonnes_by_destination,United Kingdom,,165775,tonnes
2016-Q2,export_tonnes_by_destination,United Kingdom,,290822,tonnes
2016-Q3,export_tonnes_by_destination,United Kingdom,,502261,tonnes
2016-Q4,export_tonnes_by_destination,United Kingdom,,216732,tonnes
2017-Q1,export_tonnes_by_destination,United Kingdom,,89066,tonnes
2017-Q2,export_tonnes_by_destination,United Kingdom,,194836,tonnes
2017-Q3,export_tonnes_by_destination,United Kingdom,,180417,tonnes
2017-Q4,export_tonnes_by_destination,United Kingdom,,222814,tonnes
2018-Q1,export_tonnes_by_destination,United Kingdom,,287331,tonnes
2018-Q2,export_tonnes_by_destination,United Kingdom,,168815,tonnes
2018-Q3,export_tonnes_by_destination,United Kingdom,,161585,tonnes
2018-Q4,export_tonnes_by_destination,United Kingdom,,123575,tonnes
2019-Q1,export_tonnes_by_destination,United Kingdom,,86140,tonnes
2019-Q2,export_tonnes_by_destination,United Kingdom,,74595,tonnes
2019-Q3,export_tonnes_by_destination,United Kingdom,,206339,tonnes
2019-Q4,export_tonnes_by_destination,United Kingdom,,10584,tonnes
2020-Q1,export_tonnes_by_destination,United Kingdom,,81573,tonnes
2020-Q2,export_tonnes_by_destination,United Kingdom,,87318,tonnes
2020-Q3,export_tonnes_by_destination,United Kingdom,,78720,tonnes
2020-Q4,export_tonnes_by_destination,United Kingdom,,133001,tonnes
2021-Q1,export_tonnes_by_destination,United Kingdom,,82500,tonnes
2021-Q2,export_tonnes_by_destination,United Kingdom,,411374,tonnes
2021-Q3,export_tonnes_by_destination,United Kingdom,,298941,tonnes
2021-Q4,export_tonnes_by_destination,United Kingdom,,158031,tonnes
2022-Q1,export_tonnes_by_destination,United Kingdom,,31500,tonnes
2022-Q2,export_tonnes_by_destination,United Kingdom,,25832,tonnes
2022-Q3,export_tonnes_by_destination,United Kingdom,,104863,tonnes
2022-Q4,export_tonnes_by_destination,United Kingdom,,76056,tonnes
2023-Q1,export_tonnes_by_destination,United Kingdom,,131872,tonnes
2023-Q2,export_tonnes_by_destination,United Kingdom,,0,tonnes
2023-Q3,export_tonnes_by_destination,United Kingdom,,0,tonnes
2023-Q4,export_tonnes_by_destination,United Kingdom,,0,tonnes
2024-Q1,export_tonnes_by_destination,United Kingdom,,251792,tonnes
2024-Q2,export_tonnes_by_destination,United Kingdom,,0,tonnes
2024-Q3,export_tonnes_by_destination,United Kingdom,,0,tonnes
2024-Q4,export_tonnes_by_destination,United Kingdom,,0,tonnes
2025-Q1,export_tonnes_by_destination,United Kingdom,,82500,tonnes
2025-Q2,export_tonnes_by_destination,United Kingdom,,0,tonnes
2025-Q3,export_tonnes_by_destination,United Kingdom,,0,tonnes
2025-Q4,export_tonnes_by_destination,United Kingdom,,79811,tonnes
2026-Q1,export_tonnes_by_destination,United Kingdom,,0,tonnes
2010-Q1,export_tonnes_by_destination,Vietnam,,66552,tonnes
2010-Q2,export_tonnes_by_destination,Vietnam,,172622,tonnes
2010-Q3,export_tonnes_by_destination,Vietnam,,41859,tonnes
2010-Q4,export_tonnes_by_destination,Vietnam,,0,tonnes
2011-Q1,export_tonnes_by_destination,Vietnam,,65994,tonnes
2011-Q2,export_tonnes_by_destination,Vietnam,,42441,tonnes
2011-Q3,export_tonnes_by_destination,Vietnam,,120936,tonnes
2011-Q4,export_tonnes_by_destination,Vietnam,,44000,tonnes
2012-Q1,export_tonnes_by_destination,Vietnam,,31780,tonnes
2012-Q2,export_tonnes_by_destination,Vietnam,,96697,tonnes
2012-Q3,export_tonnes_by_destination,Vietnam,,32999,tonnes
2012-Q4,export_tonnes_by_destination,Vietnam,,32312,tonnes
2013-Q1,export_tonnes_by_destination,Vietnam,,125496,tonnes
2013-Q2,export_tonnes_by_destination,Vietnam,,0,tonnes
2013-Q3,export_tonnes_by_destination,Vietnam,,134950,tonnes
2013-Q4,export_tonnes_by_destination,Vietnam,,108750,tonnes
2014-Q1,export_tonnes_by_destination,Vietnam,,55000,tonnes
2014-Q2,export_tonnes_by_destination,Vietnam,,220039,tonnes
2014-Q3,export_tonnes_by_destination,Vietnam,,108475,tonnes
2014-Q4,export_tonnes_by_destination,Vietnam,,161991,tonnes
2015-Q1,export_tonnes_by_destination,Vietnam,,188603,tonnes
2015-Q2,export_tonnes_by_destination,Vietnam,,110700,tonnes
2015-Q3,export_tonnes_by_destination,Vietnam,,355639,tonnes
2015-Q4,export_tonnes_by_destination,Vietnam,,408891,tonnes
2016-Q1,export_tonnes_by_destination,Vietnam,,967103,tonnes
2016-Q2,export_tonnes_by_destination,Vietnam,,795548,tonnes
2016-Q3,export_tonnes_by_destination,Vietnam,,743756,tonnes
2016-Q4,export_tonnes_by_destination,Vietnam,,314202,tonnes
2017-Q1,export_tonnes_by_destination,Vietnam,,720143,tonnes
2017-Q2,export_tonnes_by_destination,Vietnam,,429503,tonnes
2017-Q3,export_tonnes_by_destination,Vietnam,,526182,tonnes
2017-Q4,export_tonnes_by_destination,Vietnam,,917260,tonnes
2018-Q1,export_tonnes_by_destination,Vietnam,,733074,tonnes
2018-Q2,export_tonnes_by_destination,Vietnam,,1200826,tonnes
2018-Q3,export_tonnes_by_destination,Vietnam,,2070955,tonnes
2018-Q4,export_tonnes_by_destination,Vietnam,,1901941,tonnes
2019-Q1,export_tonnes_by_destination,Vietnam,,1724887,tonnes
2019-Q2,export_tonnes_by_destination,Vietnam,,2582023,tonnes
2019-Q3,export_tonnes_by_destination,Vietnam,,1591949,tonnes
2019-Q4,export_tonnes_by_destination,Vietnam,,3124632,tonnes
2020-Q1,export_tonnes_by_destination,Vietnam,,2214618,tonnes
2020-Q2,export_tonnes_by_destination,Vietnam,,3728272,tonnes
2020-Q3,export_tonnes_by_destination,Vietnam,,3915383,tonnes
2020-Q4,export_tonnes_by_destination,Vietnam,,3570934,tonnes
2021-Q1,export_tonnes_by_destination,Vietnam,,2669597,tonnes
2021-Q2,export_tonnes_by_destination,Vietnam,,3090433,tonnes
2021-Q3,export_tonnes_by_destination,Vietnam,,2638485,tonnes
2021-Q4,export_tonnes_by_destination,Vietnam,,2348462,tonnes
2022-Q1,export_tonnes_by_destination,Vietnam,,2782049,tonnes
2022-Q2,export_tonnes_by_destination,Vietnam,,3262538,tonnes
2022-Q3,export_tonnes_by_destination,Vietnam,,2900994,tonnes
2022-Q4,export_tonnes_by_destination,Vietnam,,3167655,tonnes
2023-Q1,export_tonnes_by_destination,Vietnam,,3395149,tonnes
2023-Q2,export_tonnes_by_destination,Vietnam,,5004320,tonnes
2023-Q3,export_tonnes_by_destination,Vietnam,,3280142,tonnes
2023-Q4,export_tonnes_by_destination,Vietnam,,2977260,tonnes
2024-Q1,export_tonnes_by_destination,Vietnam,,3107121,tonnes
2024-Q2,export_tonnes_by_destination,Vietnam,,3401316,tonnes
2024-Q3,export_tonnes_by_destination,Vietnam,,3812072,tonnes
2024-Q4,export_tonnes_by_destination,Vietnam,,3024708,tonnes
2025-Q1,export_tonnes_by_destination,Vietnam,,3676633,tonnes
2025-Q2,export_tonnes_by_destination,Vietnam,,4807843,tonnes
2025-Q3,export_tonnes_by_destination,Vietnam,,3813770,tonnes
2025-Q4,export_tonnes_by_destination,Vietnam,,3682838,tonnes
2026-Q1,export_tonnes_by_destination,Vietnam,,4112329,tonnes
2010-Q1,export_value_by_destination,Belgium,,42794341,AUD
2010-Q2,export_value_by_destination,Belgium,,74538397,AUD
2010-Q3,export_value_by_destination,Belgium,,150599482,AUD
2010-Q4,export_value_by_destination,Belgium,,76150431,AUD
2011-Q1,export_value_by_destination,Belgium,,0,AUD
2011-Q2,export_value_by_destination,Belgium,,34968423,AUD
2011-Q3,export_value_by_destination,Belgium,,95629561,AUD
2011-Q4,export_value_by_destination,Belgium,,112882257,AUD
2012-Q1,export_value_by_destination,Belgium,,50759941,AUD
2012-Q2,export_value_by_destination,Belgium,,86113695,AUD
2012-Q3,export_value_by_destination,Belgium,,125667824,AUD
2012-Q4,export_value_by_destination,Belgium,,107927265,AUD
2013-Q1,export_value_by_destination,Belgium,,44478071,AUD
2013-Q2,export_value_by_destination,Belgium,,73543314,AUD
2013-Q3,export_value_by_destination,Belgium,,69223087,AUD
2013-Q4,export_value_by_destination,Belgium,,42585747,AUD
2014-Q1,export_value_by_destination,Belgium,,39155234,AUD
2014-Q2,export_value_by_destination,Belgium,,43395797,AUD
2014-Q3,export_value_by_destination,Belgium,,19431381,AUD
2014-Q4,export_value_by_destination,Belgium,,35610143,AUD
2015-Q1,export_value_by_destination,Belgium,,43512474,AUD
2015-Q2,export_value_by_destination,Belgium,,17263501,AUD
2015-Q3,export_value_by_destination,Belgium,,31259483,AUD
2015-Q4,export_value_by_destination,Belgium,,27543716,AUD
2016-Q1,export_value_by_destination,Belgium,,18584491,AUD
2016-Q2,export_value_by_destination,Belgium,,25403202,AUD
2016-Q3,export_value_by_destination,Belgium,,35562946,AUD
2016-Q4,export_value_by_destination,Belgium,,66095163,AUD
2017-Q1,export_value_by_destination,Belgium,,44198936,AUD
2017-Q2,export_value_by_destination,Belgium,,51466796,AUD
2017-Q3,export_value_by_destination,Belgium,,59435864,AUD
2017-Q4,export_value_by_destination,Belgium,,43909911,AUD
2018-Q1,export_value_by_destination,Belgium,,99921820,AUD
2018-Q2,export_value_by_destination,Belgium,,156388690,AUD
2018-Q3,export_value_by_destination,Belgium,,35530117,AUD
2018-Q4,export_value_by_destination,Belgium,,36147492,AUD
2019-Q1,export_value_by_destination,Belgium,,62527078,AUD
2019-Q2,export_value_by_destination,Belgium,,70299677,AUD
2019-Q3,export_value_by_destination,Belgium,,67830350,AUD
2019-Q4,export_value_by_destination,Belgium,,36729329,AUD
2020-Q1,export_value_by_destination,Belgium,,47222899,AUD
2020-Q2,export_value_by_destination,Belgium,,49583539,AUD
2020-Q3,export_value_by_destination,Belgium,,14367691,AUD
2020-Q4,export_value_by_destination,Belgium,,20014828,AUD
2021-Q1,export_value_by_destination,Belgium,,28460325,AUD
2021-Q2,export_value_by_destination,Belgium,,18956617,AUD
2021-Q3,export_value_by_destination,Belgium,,5471530,AUD
2021-Q4,export_value_by_destination,Belgium,,29355108,AUD
2022-Q1,export_value_by_destination,Belgium,,143283508,AUD
2022-Q2,export_value_by_destination,Belgium,,120317531,AUD
2022-Q3,export_value_by_destination,Belgium,,43541885,AUD
2022-Q4,export_value_by_destination,Belgium,,93879124,AUD
2023-Q1,export_value_by_destination,Belgium,,143388586,AUD
2023-Q2,export_value_by_destination,Belgium,,97184251,AUD
2023-Q3,export_value_by_destination,Belgium,,30494245,AUD
2023-Q4,export_value_by_destination,Belgium,,218622624,AUD
2024-Q1,export_value_by_destination,Belgium,,148140698,AUD
2024-Q2,export_value_by_destination,Belgium,,146271402,AUD
2024-Q3,export_value_by_destination,Belgium,,115546216,AUD
2024-Q4,export_value_by_destination,Belgium,,57876769,AUD
2025-Q1,export_value_by_destination,Belgium,,45944648,AUD
2025-Q2,export_value_by_destination,Belgium,,59290516,AUD
2025-Q3,export_value_by_destination,Belgium,,23555955,AUD
2025-Q4,export_value_by_destination,Belgium,,79560078,AUD
2026-Q1,export_value_by_destination,Belgium,,61556712,AUD
2010-Q1,export_value_by_destination,Brazil,,212328345,AUD
2010-Q2,export_value_by_destination,Brazil,,245285921,AUD
2010-Q3,export_value_by_destination,Brazil,,367541887,AUD
2010-Q4,export_value_by_destination,Brazil,,144561417,AUD
2011-Q1,export_value_by_destination,Brazil,,154011857,AUD
2011-Q2,export_value_by_destination,Brazil,,244449717,AUD
2011-Q3,export_value_by_destination,Brazil,,255741757,AUD
2011-Q4,export_value_by_destination,Brazil,,123420877,AUD
2012-Q1,export_value_by_destination,Brazil,,187558975,AUD
2012-Q2,export_value_by_destination,Brazil,,108058462,AUD
2012-Q3,export_value_by_destination,Brazil,,173536382,AUD
2012-Q4,export_value_by_destination,Brazil,,78652510,AUD
2013-Q1,export_value_by_destination,Brazil,,98401601,AUD
2013-Q2,export_value_by_destination,Brazil,,92736083,AUD
2013-Q3,export_value_by_destination,Brazil,,101210842,AUD
2013-Q4,export_value_by_destination,Brazil,,84643764,AUD
2014-Q1,export_value_by_destination,Brazil,,132004073,AUD
2014-Q2,export_value_by_destination,Brazil,,114028751,AUD
2014-Q3,export_value_by_destination,Brazil,,124423783,AUD
2014-Q4,export_value_by_destination,Brazil,,140648021,AUD
2015-Q1,export_value_by_destination,Brazil,,174559072,AUD
2015-Q2,export_value_by_destination,Brazil,,147157101,AUD
2015-Q3,export_value_by_destination,Brazil,,134041593,AUD
2015-Q4,export_value_by_destination,Brazil,,158191729,AUD
2016-Q1,export_value_by_destination,Brazil,,124672258,AUD
2016-Q2,export_value_by_destination,Brazil,,121748247,AUD
2016-Q3,export_value_by_destination,Brazil,,156076628,AUD
2016-Q4,export_value_by_destination,Brazil,,439503096,AUD
2017-Q1,export_value_by_destination,Brazil,,228159070,AUD
2017-Q2,export_value_by_destination,Brazil,,215017212,AUD
2017-Q3,export_value_by_destination,Brazil,,260727623,AUD
2017-Q4,export_value_by_destination,Brazil,,268468766,AUD
2018-Q1,export_value_by_destination,Brazil,,666517334,AUD
2018-Q2,export_value_by_destination,Brazil,,257478311,AUD
2018-Q3,export_value_by_destination,Brazil,,195554909,AUD
2018-Q4,export_value_by_destination,Brazil,,261942088,AUD
2019-Q1,export_value_by_destination,Brazil,,228164524,AUD
2019-Q2,export_value_by_destination,Brazil,,198586491,AUD
2019-Q3,export_value_by_destination,Brazil,,165764587,AUD
2019-Q4,export_value_by_destination,Brazil,,93229480,AUD
2020-Q1,export_value_by_destination,Brazil,,93846160,AUD
2020-Q2,export_value_by_destination,Brazil,,96428458,AUD
2020-Q3,export_value_by_destination,Brazil,,50424355,AUD
2020-Q4,export_value_by_destination,Brazil,,108675127,AUD
2021-Q1,export_value_by_destination,Brazil,,148093912,AUD
2021-Q2,export_value_by_destination,Brazil,,200570327,AUD
2021-Q3,export_value_by_destination,Brazil,,365765376,AUD
2021-Q4,export_value_by_destination,Brazil,,600377551,AUD
2022-Q1,export_value_by_destination,Brazil,,487203503,AUD
2022-Q2,export_value_by_destination,Brazil,,831626838,AUD
2022-Q3,export_value_by_destination,Brazil,,382901573,AUD
2022-Q4,export_value_by_destination,Brazil,,568495724,AUD
2023-Q1,export_value_by_destination,Brazil,,478999148,AUD
2023-Q2,export_value_by_destination,Brazil,,498654003,AUD
2023-Q3,export_value_by_destination,Brazil,,271408638,AUD
2023-Q4,export_value_by_destination,Brazil,,409763124,AUD
2024-Q1,export_value_by_destination,Brazil,,450024499,AUD
2024-Q2,export_value_by_destination,Brazil,,448197034,AUD
2024-Q3,export_value_by_destination,Brazil,,343779150,AUD
2024-Q4,export_value_by_destination,Brazil,,237680337,AUD
2025-Q1,export_value_by_destination,Brazil,,217906529,AUD
2025-Q2,export_value_by_destination,Brazil,,235958371,AUD
2025-Q3,export_value_by_destination,Brazil,,273018974,AUD
2025-Q4,export_value_by_destination,Brazil,,317107849,AUD
2026-Q1,export_value_by_destination,Brazil,,216925065,AUD
2010-Q1,export_value_by_destination,China,,764242893,AUD
2010-Q2,export_value_by_destination,China,,782138767,AUD
2010-Q3,export_value_by_destination,China,,1056637894,AUD
2010-Q4,export_value_by_destination,China,,1159440878,AUD
2011-Q1,export_value_by_destination,China,,417114436,AUD
2011-Q2,export_value_by_destination,China,,664082118,AUD
2011-Q3,export_value_by_destination,China,,872092470,AUD
2011-Q4,export_value_by_destination,China,,1035471634,AUD
2012-Q1,export_value_by_destination,China,,1171582563,AUD
2012-Q2,export_value_by_destination,China,,905882426,AUD
2012-Q3,export_value_by_destination,China,,624823113,AUD
2012-Q4,export_value_by_destination,China,,1687754817,AUD
2013-Q1,export_value_by_destination,China,,1042219195,AUD
2013-Q2,export_value_by_destination,China,,1323473650,AUD
2013-Q3,export_value_by_destination,China,,1469358321,AUD
2013-Q4,export_value_by_destination,China,,1846303126,AUD
2014-Q1,export_value_by_destination,China,,1394026367,AUD
2014-Q2,export_value_by_destination,China,,1330964852,AUD
2014-Q3,export_value_by_destination,China,,1255666065,AUD
2014-Q4,export_value_by_destination,China,,1541264161,AUD
2015-Q1,export_value_by_destination,China,,1091217025,AUD
2015-Q2,export_value_by_destination,China,,1477388881,AUD
2015-Q3,export_value_by_destination,China,,1078032876,AUD
2015-Q4,export_value_by_destination,China,,997294315,AUD
2016-Q1,export_value_by_destination,China,,916611870,AUD
2016-Q2,export_value_by_destination,China,,1175599530,AUD
2016-Q3,export_value_by_destination,China,,1232566796,AUD
2016-Q4,export_value_by_destination,China,,2778155913,AUD
2017-Q1,export_value_by_destination,China,,2529590231,AUD
2017-Q2,export_value_by_destination,China,,1936610657,AUD
2017-Q3,export_value_by_destination,China,,2711973413,AUD
2017-Q4,export_value_by_destination,China,,2671971101,AUD
2018-Q1,export_value_by_destination,China,,2313154056,AUD
2018-Q2,export_value_by_destination,China,,2612155038,AUD
2018-Q3,export_value_by_destination,China,,2366143644,AUD
2018-Q4,export_value_by_destination,China,,2851428465,AUD
2019-Q1,export_value_by_destination,China,,2026308497,AUD
2019-Q2,export_value_by_destination,China,,2217219634,AUD
2019-Q3,export_value_by_destination,China,,2084991256,AUD
2019-Q4,export_value_by_destination,China,,1294723492,AUD
2020-Q1,export_value_by_destination,China,,1675722425,AUD
2020-Q2,export_value_by_destination,China,,2101198979,AUD
2020-Q3,export_value_by_destination,China,,807679331,AUD
2020-Q4,export_value_by_destination,China,,259811018,AUD
2021-Q1,export_value_by_destination,China,,0,AUD
2021-Q2,export_value_by_destination,China,,0,AUD
2021-Q3,export_value_by_destination,China,,0,AUD
2021-Q4,export_value_by_destination,China,,0,AUD
2022-Q1,export_value_by_destination,China,,0,AUD
2022-Q2,export_value_by_destination,China,,1988303,AUD
2022-Q3,export_value_by_destination,China,,14744658,AUD
2022-Q4,export_value_by_destination,China,,32350011,AUD
2023-Q1,export_value_by_destination,China,,477943563,AUD
2023-Q2,export_value_by_destination,China,,733503392,AUD
2023-Q3,export_value_by_destination,China,,984970087,AUD
2023-Q4,export_value_by_destination,China,,764083781,AUD
2024-Q1,export_value_by_destination,China,,882128922,AUD
2024-Q2,export_value_by_destination,China,,1226664609,AUD
2024-Q3,export_value_by_destination,China,,1316654260,AUD
2024-Q4,export_value_by_destination,China,,1999011674,AUD
2025-Q1,export_value_by_destination,China,,645939144,AUD
2025-Q2,export_value_by_destination,China,,960640033,AUD
2025-Q3,export_value_by_destination,China,,1064920589,AUD
2025-Q4,export_value_by_destination,China,,1678114225,AUD
2026-Q1,export_value_by_destination,China,,1007780721,AUD
2010-Q1,export_value_by_destination,France,,53511940,AUD
2010-Q2,export_value_by_destination,France,,179233270,AUD
2010-Q3,export_value_by_destination,France,,119196760,AUD
2010-Q4,export_value_by_destination,France,,276519973,AUD
2011-Q1,export_value_by_destination,France,,69897406,AUD
2011-Q2,export_value_by_destination,France,,319085738,AUD
2011-Q3,export_value_by_destination,France,,219515720,AUD
2011-Q4,export_value_by_destination,France,,242296281,AUD
2012-Q1,export_value_by_destination,France,,153516555,AUD
2012-Q2,export_value_by_destination,France,,153251055,AUD
2012-Q3,export_value_by_destination,France,,170053081,AUD
2012-Q4,export_value_by_destination,France,,80723356,AUD
2013-Q1,export_value_by_destination,France,,115211753,AUD
2013-Q2,export_value_by_destination,France,,110225657,AUD
2013-Q3,export_value_by_destination,France,,83491450,AUD
2013-Q4,export_value_by_destination,France,,121293692,AUD
2014-Q1,export_value_by_destination,France,,113171045,AUD
2014-Q2,export_value_by_destination,France,,58384803,AUD
2014-Q3,export_value_by_destination,France,,105556125,AUD
2014-Q4,export_value_by_destination,France,,131856233,AUD
2015-Q1,export_value_by_destination,France,,97617605,AUD
2015-Q2,export_value_by_destination,France,,77042294,AUD
2015-Q3,export_value_by_destination,France,,123017056,AUD
2015-Q4,export_value_by_destination,France,,108416434,AUD
2016-Q1,export_value_by_destination,France,,104453043,AUD
2016-Q2,export_value_by_destination,France,,113585815,AUD
2016-Q3,export_value_by_destination,France,,81090902,AUD
2016-Q4,export_value_by_destination,France,,312781824,AUD
2017-Q1,export_value_by_destination,France,,175971197,AUD
2017-Q2,export_value_by_destination,France,,122595278,AUD
2017-Q3,export_value_by_destination,France,,201245702,AUD
2017-Q4,export_value_by_destination,France,,201996677,AUD
2018-Q1,export_value_by_destination,France,,190789601,AUD
2018-Q2,export_value_by_destination,France,,218863398,AUD
2018-Q3,export_value_by_destination,France,,119854554,AUD
2018-Q4,export_value_by_destination,France,,247505205,AUD
2019-Q1,export_value_by_destination,France,,265429351,AUD
2019-Q2,export_value_by_destination,France,,214356123,AUD
2019-Q3,export_value_by_destination,France,,144548209,AUD
2019-Q4,export_value_by_destination,France,,84195491,AUD
2020-Q1,export_value_by_destination,France,,99788183,AUD
2020-Q2,export_value_by_destination,France,,71475550,AUD
2020-Q3,export_value_by_destination,France,,58150307,AUD
2020-Q4,export_value_by_destination,France,,113012411,AUD
2021-Q1,export_value_by_destination,France,,60014509,AUD
2021-Q2,export_value_by_destination,France,,78228084,AUD
2021-Q3,export_value_by_destination,France,,79759900,AUD
2021-Q4,export_value_by_destination,France,,206537880,AUD
2022-Q1,export_value_by_destination,France,,309194402,AUD
2022-Q2,export_value_by_destination,France,,332688709,AUD
2022-Q3,export_value_by_destination,France,,195902195,AUD
2022-Q4,export_value_by_destination,France,,250996637,AUD
2023-Q1,export_value_by_destination,France,,222206380,AUD
2023-Q2,export_value_by_destination,France,,232423679,AUD
2023-Q3,export_value_by_destination,France,,133406727,AUD
2023-Q4,export_value_by_destination,France,,234999367,AUD
2024-Q1,export_value_by_destination,France,,134163568,AUD
2024-Q2,export_value_by_destination,France,,180788280,AUD
2024-Q3,export_value_by_destination,France,,126296427,AUD
2024-Q4,export_value_by_destination,France,,124686605,AUD
2025-Q1,export_value_by_destination,France,,119453907,AUD
2025-Q2,export_value_by_destination,France,,98330497,AUD
2025-Q3,export_value_by_destination,France,,132749647,AUD
2025-Q4,export_value_by_destination,France,,161706531,AUD
2026-Q1,export_value_by_destination,France,,98725571,AUD
2010-Q1,export_value_by_destination,Germany,,27054117,AUD
2010-Q2,export_value_by_destination,Germany,,26002426,AUD
2010-Q3,export_value_by_destination,Germany,,74794183,AUD
2010-Q4,export_value_by_destination,Germany,,51486810,AUD
2011-Q1,export_value_by_destination,Germany,,46207387,AUD
2011-Q2,export_value_by_destination,Germany,,32570437,AUD
2011-Q3,export_value_by_destination,Germany,,209490343,AUD
2011-Q4,export_value_by_destination,Germany,,209797234,AUD
2012-Q1,export_value_by_destination,Germany,,158719664,AUD
2012-Q2,export_value_by_destination,Germany,,148990180,AUD
2012-Q3,export_value_by_destination,Germany,,215129712,AUD
2012-Q4,export_value_by_destination,Germany,,106666863,AUD
2013-Q1,export_value_by_destination,Germany,,79785982,AUD
2013-Q2,export_value_by_destination,Germany,,123354765,AUD
2013-Q3,export_value_by_destination,Germany,,101643413,AUD
2013-Q4,export_value_by_destination,Germany,,156822572,AUD
2014-Q1,export_value_by_destination,Germany,,87003313,AUD
2014-Q2,export_value_by_destination,Germany,,145657326,AUD
2014-Q3,export_value_by_destination,Germany,,124367866,AUD
2014-Q4,export_value_by_destination,Germany,,129584976,AUD
2015-Q1,export_value_by_destination,Germany,,138128326,AUD
2015-Q2,export_value_by_destination,Germany,,129864368,AUD
2015-Q3,export_value_by_destination,Germany,,162571346,AUD
2015-Q4,export_value_by_destination,Germany,,152350318,AUD
2016-Q1,export_value_by_destination,Germany,,82925347,AUD
2016-Q2,export_value_by_destination,Germany,,131898245,AUD
2016-Q3,export_value_by_destination,Germany,,173266415,AUD
2016-Q4,export_value_by_destination,Germany,,360130193,AUD
2017-Q1,export_value_by_destination,Germany,,226256257,AUD
2017-Q2,export_value_by_destination,Germany,,175962467,AUD
2017-Q3,export_value_by_destination,Germany,,263925971,AUD
2017-Q4,export_value_by_destination,Germany,,279461301,AUD
2018-Q1,export_value_by_destination,Germany,,324480735,AUD
2018-Q2,export_value_by_destination,Germany,,272607279,AUD
2018-Q3,export_value_by_destination,Germany,,186596654,AUD
2018-Q4,export_value_by_destination,Germany,,304222307,AUD
2019-Q1,export_value_by_destination,Germany,,284534906,AUD
2019-Q2,export_value_by_destination,Germany,,189485464,AUD
2019-Q3,export_value_by_destination,Germany,,173677145,AUD
2019-Q4,export_value_by_destination,Germany,,161013794,AUD
2020-Q1,export_value_by_destination,Germany,,187370398,AUD
2020-Q2,export_value_by_destination,Germany,,168157774,AUD
2020-Q3,export_value_by_destination,Germany,,90054931,AUD
2020-Q4,export_value_by_destination,Germany,,137273855,AUD
2021-Q1,export_value_by_destination,Germany,,77487209,AUD
2021-Q2,export_value_by_destination,Germany,,120866882,AUD
2021-Q3,export_value_by_destination,Germany,,185051561,AUD
2021-Q4,export_value_by_destination,Germany,,254166862,AUD
2022-Q1,export_value_by_destination,Germany,,919833502,AUD
2022-Q2,export_value_by_destination,Germany,,822301279,AUD
2022-Q3,export_value_by_destination,Germany,,444412895,AUD
2022-Q4,export_value_by_destination,Germany,,589032293,AUD
2023-Q1,export_value_by_destination,Germany,,595607381,AUD
2023-Q2,export_value_by_destination,Germany,,537704722,AUD
2023-Q3,export_value_by_destination,Germany,,367034662,AUD
2023-Q4,export_value_by_destination,Germany,,447401762,AUD
2024-Q1,export_value_by_destination,Germany,,406799433,AUD
2024-Q2,export_value_by_destination,Germany,,382206753,AUD
2024-Q3,export_value_by_destination,Germany,,254726899,AUD
2024-Q4,export_value_by_destination,Germany,,198492595,AUD
2025-Q1,export_value_by_destination,Germany,,233729529,AUD
2025-Q2,export_value_by_destination,Germany,,180905148,AUD
2025-Q3,export_value_by_destination,Germany,,88103697,AUD
2025-Q4,export_value_by_destination,Germany,,149872423,AUD
2026-Q1,export_value_by_destination,Germany,,150134022,AUD
2010-Q1,export_value_by_destination,Hong Kong,,0,AUD
2010-Q2,export_value_by_destination,Hong Kong,,0,AUD
2010-Q3,export_value_by_destination,Hong Kong,,0,AUD
2010-Q4,export_value_by_destination,Hong Kong,,0,AUD
2011-Q1,export_value_by_destination,Hong Kong,,0,AUD
2011-Q2,export_value_by_destination,Hong Kong,,0,AUD
2011-Q3,export_value_by_destination,Hong Kong,,89721745,AUD
2011-Q4,export_value_by_destination,Hong Kong,,48085243,AUD
2012-Q1,export_value_by_destination,Hong Kong,,0,AUD
2012-Q2,export_value_by_destination,Hong Kong,,0,AUD
2012-Q3,export_value_by_destination,Hong Kong,,0,AUD
2012-Q4,export_value_by_destination,Hong Kong,,0,AUD
2013-Q1,export_value_by_destination,Hong Kong,,0,AUD
2013-Q2,export_value_by_destination,Hong Kong,,0,AUD
2013-Q3,export_value_by_destination,Hong Kong,,0,AUD
2013-Q4,export_value_by_destination,Hong Kong,,0,AUD
2014-Q1,export_value_by_destination,Hong Kong,,0,AUD
2014-Q2,export_value_by_destination,Hong Kong,,0,AUD
2014-Q3,export_value_by_destination,Hong Kong,,0,AUD
2014-Q4,export_value_by_destination,Hong Kong,,0,AUD
2015-Q1,export_value_by_destination,Hong Kong,,0,AUD
2015-Q2,export_value_by_destination,Hong Kong,,0,AUD
2015-Q3,export_value_by_destination,Hong Kong,,0,AUD
2015-Q4,export_value_by_destination,Hong Kong,,0,AUD
2016-Q1,export_value_by_destination,Hong Kong,,0,AUD
2016-Q2,export_value_by_destination,Hong Kong,,0,AUD
2016-Q3,export_value_by_destination,Hong Kong,,0,AUD
2016-Q4,export_value_by_destination,Hong Kong,,0,AUD
2017-Q1,export_value_by_destination,Hong Kong,,0,AUD
2017-Q2,export_value_by_destination,Hong Kong,,0,AUD
2017-Q3,export_value_by_destination,Hong Kong,,0,AUD
2017-Q4,export_value_by_destination,Hong Kong,,0,AUD
2018-Q1,export_value_by_destination,Hong Kong,,0,AUD
2018-Q2,export_value_by_destination,Hong Kong,,547946455,AUD
2018-Q3,export_value_by_destination,Hong Kong,,206352905,AUD
2018-Q4,export_value_by_destination,Hong Kong,,116211059,AUD
2019-Q1,export_value_by_destination,Hong Kong,,442633143,AUD
2019-Q2,export_value_by_destination,Hong Kong,,369744085,AUD
2019-Q3,export_value_by_destination,Hong Kong,,365193635,AUD
2019-Q4,export_value_by_destination,Hong Kong,,415729055,AUD
2020-Q1,export_value_by_destination,Hong Kong,,331723124,AUD
2020-Q2,export_value_by_destination,Hong Kong,,369679956,AUD
2020-Q3,export_value_by_destination,Hong Kong,,283114829,AUD
2020-Q4,export_value_by_destination,Hong Kong,,101169726,AUD
2021-Q1,export_value_by_destination,Hong Kong,,13294239,AUD
2021-Q2,export_value_by_destination,Hong Kong,,44826401,AUD
2021-Q3,export_value_by_destination,Hong Kong,,61137146,AUD
2021-Q4,export_value_by_destination,Hong Kong,,127981641,AUD
2022-Q1,export_value_by_destination,Hong Kong,,64458944,AUD
2022-Q2,export_value_by_destination,Hong Kong,,52741152,AUD
2022-Q3,export_value_by_destination,Hong Kong,,25512671,AUD
2022-Q4,export_value_by_destination,Hong Kong,,33451185,AUD
2023-Q1,export_value_by_destination,Hong Kong,,118963590,AUD
2023-Q2,export_value_by_destination,Hong Kong,,88979505,AUD
2023-Q3,export_value_by_destination,Hong Kong,,115068247,AUD
2023-Q4,export_value_by_destination,Hong Kong,,312134649,AUD
2024-Q1,export_value_by_destination,Hong Kong,,24072011,AUD
2024-Q2,export_value_by_destination,Hong Kong,,211319814,AUD
2024-Q3,export_value_by_destination,Hong Kong,,213464847,AUD
2024-Q4,export_value_by_destination,Hong Kong,,217451601,AUD
2025-Q1,export_value_by_destination,Hong Kong,,83399090,AUD
2025-Q2,export_value_by_destination,Hong Kong,,267501001,AUD
2025-Q3,export_value_by_destination,Hong Kong,,175397752,AUD
2025-Q4,export_value_by_destination,Hong Kong,,241594903,AUD
2026-Q1,export_value_by_destination,Hong Kong,,67788193,AUD
2010-Q1,export_value_by_destination,India,,890743700,AUD
2010-Q2,export_value_by_destination,India,,1502476344,AUD
2010-Q3,export_value_by_destination,India,,1565599338,AUD
2010-Q4,export_value_by_destination,India,,1356148857,AUD
2011-Q1,export_value_by_destination,India,,1091444496,AUD
2011-Q2,export_value_by_destination,India,,1757758385,AUD
2011-Q3,export_value_by_destination,India,,1564776549,AUD
2011-Q4,export_value_by_destination,India,,1582902372,AUD
2012-Q1,export_value_by_destination,India,,1121384306,AUD
2012-Q2,export_value_by_destination,India,,1265135211,AUD
2012-Q3,export_value_by_destination,India,,1122878509,AUD
2012-Q4,export_value_by_destination,India,,903485299,AUD
2013-Q1,export_value_by_destination,India,,758427961,AUD
2013-Q2,export_value_by_destination,India,,1046427516,AUD
2013-Q3,export_value_by_destination,India,,945787978,AUD
2013-Q4,export_value_by_destination,India,,1112909350,AUD
2014-Q1,export_value_by_destination,India,,1010759686,AUD
2014-Q2,export_value_by_destination,India,,1030182568,AUD
2014-Q3,export_value_by_destination,India,,1032828826,AUD
2014-Q4,export_value_by_destination,India,,1019427943,AUD
2015-Q1,export_value_by_destination,India,,1006804065,AUD
2015-Q2,export_value_by_destination,India,,941912473,AUD
2015-Q3,export_value_by_destination,India,,923559349,AUD
2015-Q4,export_value_by_destination,India,,816648986,AUD
2016-Q1,export_value_by_destination,India,,812604485,AUD
2016-Q2,export_value_by_destination,India,,1002953129,AUD
2016-Q3,export_value_by_destination,India,,976616102,AUD
2016-Q4,export_value_by_destination,India,,2132107926,AUD
2017-Q1,export_value_by_destination,India,,1898122184,AUD
2017-Q2,export_value_by_destination,India,,1661641118,AUD
2017-Q3,export_value_by_destination,India,,2012449510,AUD
2017-Q4,export_value_by_destination,India,,2153417586,AUD
2018-Q1,export_value_by_destination,India,,2596935750,AUD
2018-Q2,export_value_by_destination,India,,1587126029,AUD
2018-Q3,export_value_by_destination,India,,2166961363,AUD
2018-Q4,export_value_by_destination,India,,2398805855,AUD
2019-Q1,export_value_by_destination,India,,1616743720,AUD
2019-Q2,export_value_by_destination,India,,2225795730,AUD
2019-Q3,export_value_by_destination,India,,1424330722,AUD
2019-Q4,export_value_by_destination,India,,1415088758,AUD
2020-Q1,export_value_by_destination,India,,1087551056,AUD
2020-Q2,export_value_by_destination,India,,623485031,AUD
2020-Q3,export_value_by_destination,India,,1022743872,AUD
2020-Q4,export_value_by_destination,India,,1163675289,AUD
2021-Q1,export_value_by_destination,India,,1335854625,AUD
2021-Q2,export_value_by_destination,India,,1517297477,AUD
2021-Q3,export_value_by_destination,India,,2054813351,AUD
2021-Q4,export_value_by_destination,India,,3282737141,AUD
2022-Q1,export_value_by_destination,India,,4551104631,AUD
2022-Q2,export_value_by_destination,India,,4459266061,AUD
2022-Q3,export_value_by_destination,India,,3899877155,AUD
2022-Q4,export_value_by_destination,India,,3409255476,AUD
2023-Q1,export_value_by_destination,India,,3975527051,AUD
2023-Q2,export_value_by_destination,India,,4428529345,AUD
2023-Q3,export_value_by_destination,India,,3134442057,AUD
2023-Q4,export_value_by_destination,India,,4492734972,AUD
2024-Q1,export_value_by_destination,India,,3594591102,AUD
2024-Q2,export_value_by_destination,India,,3547081565,AUD
2024-Q3,export_value_by_destination,India,,2382935669,AUD
2024-Q4,export_value_by_destination,India,,2364563433,AUD
2025-Q1,export_value_by_destination,India,,2214150003,AUD
2025-Q2,export_value_by_destination,India,,2560788501,AUD
2025-Q3,export_value_by_destination,India,,2211881618,AUD
2025-Q4,export_value_by_destination,India,,2436311848,AUD
2026-Q1,export_value_by_destination,India,,2511229466,AUD
2010-Q1,export_value_by_destination,Indonesia,,0,AUD
2010-Q2,export_value_by_destination,Indonesia,,0,AUD
2010-Q3,export_value_by_destination,Indonesia,,0,AUD
2010-Q4,export_value_by_destination,Indonesia,,0,AUD
2011-Q1,export_value_by_destination,Indonesia,,0,AUD
2011-Q2,export_value_by_destination,Indonesia,,0,AUD
2011-Q3,export_value_by_destination,Indonesia,,0,AUD
2011-Q4,export_value_by_destination,Indonesia,,0,AUD
2012-Q1,export_value_by_destination,Indonesia,,0,AUD
2012-Q2,export_value_by_destination,Indonesia,,0,AUD
2012-Q3,export_value_by_destination,Indonesia,,0,AUD
2012-Q4,export_value_by_destination,Indonesia,,0,AUD
2013-Q1,export_value_by_destination,Indonesia,,0,AUD
2013-Q2,export_value_by_destination,Indonesia,,5498322,AUD
2013-Q3,export_value_by_destination,Indonesia,,17861881,AUD
2013-Q4,export_value_by_destination,Indonesia,,31997745,AUD
2014-Q1,export_value_by_destination,Indonesia,,29593104,AUD
2014-Q2,export_value_by_destination,Indonesia,,20948717,AUD
2014-Q3,export_value_by_destination,Indonesia,,45889121,AUD
2014-Q4,export_value_by_destination,Indonesia,,40344008,AUD
2015-Q1,export_value_by_destination,Indonesia,,50229380,AUD
2015-Q2,export_value_by_destination,Indonesia,,51979853,AUD
2015-Q3,export_value_by_destination,Indonesia,,44847501,AUD
2015-Q4,export_value_by_destination,Indonesia,,45434564,AUD
2016-Q1,export_value_by_destination,Indonesia,,32707533,AUD
2016-Q2,export_value_by_destination,Indonesia,,10216208,AUD
2016-Q3,export_value_by_destination,Indonesia,,41914460,AUD
2016-Q4,export_value_by_destination,Indonesia,,48566707,AUD
2017-Q1,export_value_by_destination,Indonesia,,44638392,AUD
2017-Q2,export_value_by_destination,Indonesia,,53351987,AUD
2017-Q3,export_value_by_destination,Indonesia,,43056388,AUD
2017-Q4,export_value_by_destination,Indonesia,,51203927,AUD
2018-Q1,export_value_by_destination,Indonesia,,98526899,AUD
2018-Q2,export_value_by_destination,Indonesia,,38618104,AUD
2018-Q3,export_value_by_destination,Indonesia,,78064682,AUD
2018-Q4,export_value_by_destination,Indonesia,,170851539,AUD
2019-Q1,export_value_by_destination,Indonesia,,64765206,AUD
2019-Q2,export_value_by_destination,Indonesia,,31574749,AUD
2019-Q3,export_value_by_destination,Indonesia,,36406083,AUD
2019-Q4,export_value_by_destination,Indonesia,,38216279,AUD
2020-Q1,export_value_by_destination,Indonesia,,22382657,AUD
2020-Q2,export_value_by_destination,Indonesia,,19751839,AUD
2020-Q3,export_value_by_destination,Indonesia,,51998994,AUD
2020-Q4,export_value_by_destination,Indonesia,,47548416,AUD
2021-Q1,export_value_by_destination,Indonesia,,46121945,AUD
2021-Q2,export_value_by_destination,Indonesia,,55522777,AUD
2021-Q3,export_value_by_destination,Indonesia,,144096134,AUD
2021-Q4,export_value_by_destination,Indonesia,,258282739,AUD
2022-Q1,export_value_by_destination,Indonesia,,59574749,AUD
2022-Q2,export_value_by_destination,Indonesia,,100728114,AUD
2022-Q3,export_value_by_destination,Indonesia,,373097057,AUD
2022-Q4,export_value_by_destination,Indonesia,,362020539,AUD
2023-Q1,export_value_by_destination,Indonesia,,411520940,AUD
2023-Q2,export_value_by_destination,Indonesia,,228046787,AUD
2023-Q3,export_value_by_destination,Indonesia,,257161044,AUD
2023-Q4,export_value_by_destination,Indonesia,,155020823,AUD
2024-Q1,export_value_by_destination,Indonesia,,370501805,AUD
2024-Q2,export_value_by_destination,Indonesia,,533962365,AUD
2024-Q3,export_value_by_destination,Indonesia,,280168718,AUD
2024-Q4,export_value_by_destination,Indonesia,,319320225,AUD
2025-Q1,export_value_by_destination,Indonesia,,242234467,AUD
2025-Q2,export_value_by_destination,Indonesia,,268821013,AUD
2025-Q3,export_value_by_destination,Indonesia,,120731063,AUD
2025-Q4,export_value_by_destination,Indonesia,,186401079,AUD
2026-Q1,export_value_by_destination,Indonesia,,269893939,AUD
2010-Q1,export_value_by_destination,Japan,,1396621514,AUD
2010-Q2,export_value_by_destination,Japan,,2161950077,AUD
2010-Q3,export_value_by_destination,Japan,,2265309359,AUD
2010-Q4,export_value_by_destination,Japan,,2138159753,AUD
2011-Q1,export_value_by_destination,Japan,,1594706600,AUD
2011-Q2,export_value_by_destination,Japan,,1973107167,AUD
2011-Q3,export_value_by_destination,Japan,,2464857539,AUD
2011-Q4,export_value_by_destination,Japan,,2660735253,AUD
2012-Q1,export_value_by_destination,Japan,,1686050684,AUD
2012-Q2,export_value_by_destination,Japan,,1918128114,AUD
2012-Q3,export_value_by_destination,Japan,,1855806690,AUD
2012-Q4,export_value_by_destination,Japan,,1399292067,AUD
2013-Q1,export_value_by_destination,Japan,,1358993710,AUD
2013-Q2,export_value_by_destination,Japan,,1560178879,AUD
2013-Q3,export_value_by_destination,Japan,,1638362868,AUD
2013-Q4,export_value_by_destination,Japan,,1671653395,AUD
2014-Q1,export_value_by_destination,Japan,,1532867784,AUD
2014-Q2,export_value_by_destination,Japan,,1406422448,AUD
2014-Q3,export_value_by_destination,Japan,,1265713978,AUD
2014-Q4,export_value_by_destination,Japan,,1417274879,AUD
2015-Q1,export_value_by_destination,Japan,,1268807938,AUD
2015-Q2,export_value_by_destination,Japan,,1454934994,AUD
2015-Q3,export_value_by_destination,Japan,,1403420271,AUD
2015-Q4,export_value_by_destination,Japan,,1347636146,AUD
2016-Q1,export_value_by_destination,Japan,,1008255886,AUD
2016-Q2,export_value_by_destination,Japan,,1159661026,AUD
2016-Q3,export_value_by_destination,Japan,,1297653209,AUD
2016-Q4,export_value_by_destination,Japan,,2067429202,AUD
2017-Q1,export_value_by_destination,Japan,,1875403194,AUD
2017-Q2,export_value_by_destination,Japan,,1687285206,AUD
2017-Q3,export_value_by_destination,Japan,,1794428949,AUD
2017-Q4,export_value_by_destination,Japan,,2012186926,AUD
2018-Q1,export_value_by_destination,Japan,,2310045654,AUD
2018-Q2,export_value_by_destination,Japan,,1905949837,AUD
2018-Q3,export_value_by_destination,Japan,,2173396455,AUD
2018-Q4,export_value_by_destination,Japan,,2277368804,AUD
2019-Q1,export_value_by_destination,Japan,,2143871926,AUD
2019-Q2,export_value_by_destination,Japan,,1942702580,AUD
2019-Q3,export_value_by_destination,Japan,,1822846940,AUD
2019-Q4,export_value_by_destination,Japan,,1665637000,AUD
2020-Q1,export_value_by_destination,Japan,,1481219362,AUD
2020-Q2,export_value_by_destination,Japan,,1164953553,AUD
2020-Q3,export_value_by_destination,Japan,,1041635414,AUD
2020-Q4,export_value_by_destination,Japan,,1323508798,AUD
2021-Q1,export_value_by_destination,Japan,,1225764558,AUD
2021-Q2,export_value_by_destination,Japan,,1523940189,AUD
2021-Q3,export_value_by_destination,Japan,,2534614520,AUD
2021-Q4,export_value_by_destination,Japan,,3151587479,AUD
2022-Q1,export_value_by_destination,Japan,,4108877905,AUD
2022-Q2,export_value_by_destination,Japan,,6134289600,AUD
2022-Q3,export_value_by_destination,Japan,,5067087795,AUD
2022-Q4,export_value_by_destination,Japan,,5539296979,AUD
2023-Q1,export_value_by_destination,Japan,,4198679219,AUD
2023-Q2,export_value_by_destination,Japan,,3789015548,AUD
2023-Q3,export_value_by_destination,Japan,,2948509534,AUD
2023-Q4,export_value_by_destination,Japan,,3350310097,AUD
2024-Q1,export_value_by_destination,Japan,,3564390854,AUD
2024-Q2,export_value_by_destination,Japan,,2663979283,AUD
2024-Q3,export_value_by_destination,Japan,,2765808383,AUD
2024-Q4,export_value_by_destination,Japan,,2803828170,AUD
2025-Q1,export_value_by_destination,Japan,,1985534115,AUD
2025-Q2,export_value_by_destination,Japan,,1827026255,AUD
2025-Q3,export_value_by_destination,Japan,,2218181491,AUD
2025-Q4,export_value_by_destination,Japan,,2151702484,AUD
2026-Q1,export_value_by_destination,Japan,,2005208786,AUD
2010-Q1,export_value_by_destination,Malaysia,,22424411,AUD
2010-Q2,export_value_by_destination,Malaysia,,39144895,AUD
2010-Q3,export_value_by_destination,Malaysia,,45610172,AUD
2010-Q4,export_value_by_destination,Malaysia,,59125777,AUD
2011-Q1,export_value_by_destination,Malaysia,,19722504,AUD
2011-Q2,export_value_by_destination,Malaysia,,20178050,AUD
2011-Q3,export_value_by_destination,Malaysia,,34109091,AUD
2011-Q4,export_value_by_destination,Malaysia,,26596004,AUD
2012-Q1,export_value_by_destination,Malaysia,,46974941,AUD
2012-Q2,export_value_by_destination,Malaysia,,7882764,AUD
2012-Q3,export_value_by_destination,Malaysia,,5952503,AUD
2012-Q4,export_value_by_destination,Malaysia,,5655137,AUD
2013-Q1,export_value_by_destination,Malaysia,,0,AUD
2013-Q2,export_value_by_destination,Malaysia,,18493623,AUD
2013-Q3,export_value_by_destination,Malaysia,,35950975,AUD
2013-Q4,export_value_by_destination,Malaysia,,29122328,AUD
2014-Q1,export_value_by_destination,Malaysia,,7048899,AUD
2014-Q2,export_value_by_destination,Malaysia,,17483065,AUD
2014-Q3,export_value_by_destination,Malaysia,,21665206,AUD
2014-Q4,export_value_by_destination,Malaysia,,5734778,AUD
2015-Q1,export_value_by_destination,Malaysia,,17708831,AUD
2015-Q2,export_value_by_destination,Malaysia,,35384835,AUD
2015-Q3,export_value_by_destination,Malaysia,,28756459,AUD
2015-Q4,export_value_by_destination,Malaysia,,18368405,AUD
2016-Q1,export_value_by_destination,Malaysia,,14727223,AUD
2016-Q2,export_value_by_destination,Malaysia,,30997081,AUD
2016-Q3,export_value_by_destination,Malaysia,,21618468,AUD
2016-Q4,export_value_by_destination,Malaysia,,31666737,AUD
2017-Q1,export_value_by_destination,Malaysia,,24678373,AUD
2017-Q2,export_value_by_destination,Malaysia,,30026143,AUD
2017-Q3,export_value_by_destination,Malaysia,,23228160,AUD
2017-Q4,export_value_by_destination,Malaysia,,44945084,AUD
2018-Q1,export_value_by_destination,Malaysia,,82110310,AUD
2018-Q2,export_value_by_destination,Malaysia,,81950894,AUD
2018-Q3,export_value_by_destination,Malaysia,,90208640,AUD
2018-Q4,export_value_by_destination,Malaysia,,82788964,AUD
2019-Q1,export_value_by_destination,Malaysia,,111310309,AUD
2019-Q2,export_value_by_destination,Malaysia,,145904914,AUD
2019-Q3,export_value_by_destination,Malaysia,,101792691,AUD
2019-Q4,export_value_by_destination,Malaysia,,102296142,AUD
2020-Q1,export_value_by_destination,Malaysia,,127609481,AUD
2020-Q2,export_value_by_destination,Malaysia,,104099432,AUD
2020-Q3,export_value_by_destination,Malaysia,,80734113,AUD
2020-Q4,export_value_by_destination,Malaysia,,86654038,AUD
2021-Q1,export_value_by_destination,Malaysia,,83243159,AUD
2021-Q2,export_value_by_destination,Malaysia,,124606030,AUD
2021-Q3,export_value_by_destination,Malaysia,,136310041,AUD
2021-Q4,export_value_by_destination,Malaysia,,137627409,AUD
2022-Q1,export_value_by_destination,Malaysia,,241250765,AUD
2022-Q2,export_value_by_destination,Malaysia,,400053572,AUD
2022-Q3,export_value_by_destination,Malaysia,,300493822,AUD
2022-Q4,export_value_by_destination,Malaysia,,383673987,AUD
2023-Q1,export_value_by_destination,Malaysia,,125298623,AUD
2023-Q2,export_value_by_destination,Malaysia,,228087261,AUD
2023-Q3,export_value_by_destination,Malaysia,,195701764,AUD
2023-Q4,export_value_by_destination,Malaysia,,148230785,AUD
2024-Q1,export_value_by_destination,Malaysia,,26278975,AUD
2024-Q2,export_value_by_destination,Malaysia,,72036385,AUD
2024-Q3,export_value_by_destination,Malaysia,,85773742,AUD
2024-Q4,export_value_by_destination,Malaysia,,45900033,AUD
2025-Q1,export_value_by_destination,Malaysia,,25805863,AUD
2025-Q2,export_value_by_destination,Malaysia,,45783588,AUD
2025-Q3,export_value_by_destination,Malaysia,,40429182,AUD
2025-Q4,export_value_by_destination,Malaysia,,50193305,AUD
2026-Q1,export_value_by_destination,Malaysia,,20321767,AUD
2010-Q1,export_value_by_destination,Netherlands,,93881580,AUD
2010-Q2,export_value_by_destination,Netherlands,,246648368,AUD
2010-Q3,export_value_by_destination,Netherlands,,272284510,AUD
2010-Q4,export_value_by_destination,Netherlands,,201688591,AUD
2011-Q1,export_value_by_destination,Netherlands,,205591557,AUD
2011-Q2,export_value_by_destination,Netherlands,,234282705,AUD
2011-Q3,export_value_by_destination,Netherlands,,147336565,AUD
2011-Q4,export_value_by_destination,Netherlands,,180322050,AUD
2012-Q1,export_value_by_destination,Netherlands,,64042094,AUD
2012-Q2,export_value_by_destination,Netherlands,,53473163,AUD
2012-Q3,export_value_by_destination,Netherlands,,40091471,AUD
2012-Q4,export_value_by_destination,Netherlands,,56500998,AUD
2013-Q1,export_value_by_destination,Netherlands,,107671578,AUD
2013-Q2,export_value_by_destination,Netherlands,,172536675,AUD
2013-Q3,export_value_by_destination,Netherlands,,134294232,AUD
2013-Q4,export_value_by_destination,Netherlands,,126789515,AUD
2014-Q1,export_value_by_destination,Netherlands,,129359496,AUD
2014-Q2,export_value_by_destination,Netherlands,,104732311,AUD
2014-Q3,export_value_by_destination,Netherlands,,107821410,AUD
2014-Q4,export_value_by_destination,Netherlands,,77458770,AUD
2015-Q1,export_value_by_destination,Netherlands,,81277069,AUD
2015-Q2,export_value_by_destination,Netherlands,,29976710,AUD
2015-Q3,export_value_by_destination,Netherlands,,55240351,AUD
2015-Q4,export_value_by_destination,Netherlands,,59379076,AUD
2016-Q1,export_value_by_destination,Netherlands,,34596888,AUD
2016-Q2,export_value_by_destination,Netherlands,,64581134,AUD
2016-Q3,export_value_by_destination,Netherlands,,87786952,AUD
2016-Q4,export_value_by_destination,Netherlands,,265394844,AUD
2017-Q1,export_value_by_destination,Netherlands,,185960561,AUD
2017-Q2,export_value_by_destination,Netherlands,,115064559,AUD
2017-Q3,export_value_by_destination,Netherlands,,81602186,AUD
2017-Q4,export_value_by_destination,Netherlands,,48046507,AUD
2018-Q1,export_value_by_destination,Netherlands,,139668428,AUD
2018-Q2,export_value_by_destination,Netherlands,,91377272,AUD
2018-Q3,export_value_by_destination,Netherlands,,59108377,AUD
2018-Q4,export_value_by_destination,Netherlands,,182634867,AUD
2019-Q1,export_value_by_destination,Netherlands,,98285029,AUD
2019-Q2,export_value_by_destination,Netherlands,,5697510,AUD
2019-Q3,export_value_by_destination,Netherlands,,65836381,AUD
2019-Q4,export_value_by_destination,Netherlands,,27364348,AUD
2020-Q1,export_value_by_destination,Netherlands,,36408288,AUD
2020-Q2,export_value_by_destination,Netherlands,,86459041,AUD
2020-Q3,export_value_by_destination,Netherlands,,23268351,AUD
2020-Q4,export_value_by_destination,Netherlands,,77220390,AUD
2021-Q1,export_value_by_destination,Netherlands,,98033208,AUD
2021-Q2,export_value_by_destination,Netherlands,,50281141,AUD
2021-Q3,export_value_by_destination,Netherlands,,110365060,AUD
2021-Q4,export_value_by_destination,Netherlands,,261924866,AUD
2022-Q1,export_value_by_destination,Netherlands,,221872429,AUD
2022-Q2,export_value_by_destination,Netherlands,,184325053,AUD
2022-Q3,export_value_by_destination,Netherlands,,328938736,AUD
2022-Q4,export_value_by_destination,Netherlands,,244390445,AUD
2023-Q1,export_value_by_destination,Netherlands,,326762724,AUD
2023-Q2,export_value_by_destination,Netherlands,,246623348,AUD
2023-Q3,export_value_by_destination,Netherlands,,256209557,AUD
2023-Q4,export_value_by_destination,Netherlands,,380489919,AUD
2024-Q1,export_value_by_destination,Netherlands,,361156929,AUD
2024-Q2,export_value_by_destination,Netherlands,,220359734,AUD
2024-Q3,export_value_by_destination,Netherlands,,291138852,AUD
2024-Q4,export_value_by_destination,Netherlands,,417361064,AUD
2025-Q1,export_value_by_destination,Netherlands,,289293983,AUD
2025-Q2,export_value_by_destination,Netherlands,,325105648,AUD
2025-Q3,export_value_by_destination,Netherlands,,452638006,AUD
2025-Q4,export_value_by_destination,Netherlands,,493142742,AUD
2026-Q1,export_value_by_destination,Netherlands,,337975358,AUD
2010-Q1,export_value_by_destination,Other,,253724492,AUD
2010-Q2,export_value_by_destination,Other,,433657997,AUD
2010-Q3,export_value_by_destination,Other,,340305540,AUD
2010-Q4,export_value_by_destination,Other,,327942178,AUD
2011-Q1,export_value_by_destination,Other,,237832555,AUD
2011-Q2,export_value_by_destination,Other,,360456227,AUD
2011-Q3,export_value_by_destination,Other,,519942302,AUD
2011-Q4,export_value_by_destination,Other,,361185763,AUD
2012-Q1,export_value_by_destination,Other,,341863736,AUD
2012-Q2,export_value_by_destination,Other,,368322592,AUD
2012-Q3,export_value_by_destination,Other,,283818477,AUD
2012-Q4,export_value_by_destination,Other,,205418845,AUD
2013-Q1,export_value_by_destination,Other,,216176909,AUD
2013-Q2,export_value_by_destination,Other,,195476322,AUD
2013-Q3,export_value_by_destination,Other,,187454451,AUD
2013-Q4,export_value_by_destination,Other,,212567342,AUD
2014-Q1,export_value_by_destination,Other,,279082819,AUD
2014-Q2,export_value_by_destination,Other,,214452358,AUD
2014-Q3,export_value_by_destination,Other,,232440027,AUD
2014-Q4,export_value_by_destination,Other,,160130973,AUD
2015-Q1,export_value_by_destination,Other,,326919553,AUD
2015-Q2,export_value_by_destination,Other,,206287612,AUD
2015-Q3,export_value_by_destination,Other,,206792090,AUD
2015-Q4,export_value_by_destination,Other,,239118658,AUD
2016-Q1,export_value_by_destination,Other,,177504106,AUD
2016-Q2,export_value_by_destination,Other,,199290071,AUD
2016-Q3,export_value_by_destination,Other,,239132436,AUD
2016-Q4,export_value_by_destination,Other,,397981292,AUD
2017-Q1,export_value_by_destination,Other,,460720242,AUD
2017-Q2,export_value_by_destination,Other,,297492991,AUD
2017-Q3,export_value_by_destination,Other,,378218899,AUD
2017-Q4,export_value_by_destination,Other,,345866018,AUD
2018-Q1,export_value_by_destination,Other,,418821904,AUD
2018-Q2,export_value_by_destination,Other,,456698145,AUD
2018-Q3,export_value_by_destination,Other,,400325999,AUD
2018-Q4,export_value_by_destination,Other,,654855405,AUD
2019-Q1,export_value_by_destination,Other,,493378179,AUD
2019-Q2,export_value_by_destination,Other,,704145572,AUD
2019-Q3,export_value_by_destination,Other,,388896298,AUD
2019-Q4,export_value_by_destination,Other,,303780315,AUD
2020-Q1,export_value_by_destination,Other,,278875586,AUD
2020-Q2,export_value_by_destination,Other,,130359686,AUD
2020-Q3,export_value_by_destination,Other,,100375166,AUD
2020-Q4,export_value_by_destination,Other,,242486862,AUD
2021-Q1,export_value_by_destination,Other,,290257117,AUD
2021-Q2,export_value_by_destination,Other,,366509245,AUD
2021-Q3,export_value_by_destination,Other,,601346840,AUD
2021-Q4,export_value_by_destination,Other,,859992030,AUD
2022-Q1,export_value_by_destination,Other,,1041965146,AUD
2022-Q2,export_value_by_destination,Other,,1100440909,AUD
2022-Q3,export_value_by_destination,Other,,518613105,AUD
2022-Q4,export_value_by_destination,Other,,734956463,AUD
2023-Q1,export_value_by_destination,Other,,446550087,AUD
2023-Q2,export_value_by_destination,Other,,641188533,AUD
2023-Q3,export_value_by_destination,Other,,580243374,AUD
2023-Q4,export_value_by_destination,Other,,456051783,AUD
2024-Q1,export_value_by_destination,Other,,370898529,AUD
2024-Q2,export_value_by_destination,Other,,441112736,AUD
2024-Q3,export_value_by_destination,Other,,417315914,AUD
2024-Q4,export_value_by_destination,Other,,376817853,AUD
2025-Q1,export_value_by_destination,Other,,209218173,AUD
2025-Q2,export_value_by_destination,Other,,269132605,AUD
2025-Q3,export_value_by_destination,Other,,222038984,AUD
2025-Q4,export_value_by_destination,Other,,131223606,AUD
2026-Q1,export_value_by_destination,Other,,92054017,AUD
2010-Q1,export_value_by_destination,Singapore,,0,AUD
2010-Q2,export_value_by_destination,Singapore,,0,AUD
2010-Q3,export_value_by_destination,Singapore,,0,AUD
2010-Q4,export_value_by_destination,Singapore,,0,AUD
2011-Q1,export_value_by_destination,Singapore,,8954656,AUD
2011-Q2,export_value_by_destination,Singapore,,0,AUD
2011-Q3,export_value_by_destination,Singapore,,39357601,AUD
2011-Q4,export_value_by_destination,Singapore,,63524037,AUD
2012-Q1,export_value_by_destination,Singapore,,30073156,AUD
2012-Q2,export_value_by_destination,Singapore,,25947265,AUD
2012-Q3,export_value_by_destination,Singapore,,21913091,AUD
2012-Q4,export_value_by_destination,Singapore,,83466547,AUD
2013-Q1,export_value_by_destination,Singapore,,224915968,AUD
2013-Q2,export_value_by_destination,Singapore,,282398110,AUD
2013-Q3,export_value_by_destination,Singapore,,262428581,AUD
2013-Q4,export_value_by_destination,Singapore,,254221550,AUD
2014-Q1,export_value_by_destination,Singapore,,179178307,AUD
2014-Q2,export_value_by_destination,Singapore,,280573904,AUD
2014-Q3,export_value_by_destination,Singapore,,211808259,AUD
2014-Q4,export_value_by_destination,Singapore,,323851782,AUD
2015-Q1,export_value_by_destination,Singapore,,347140023,AUD
2015-Q2,export_value_by_destination,Singapore,,325579047,AUD
2015-Q3,export_value_by_destination,Singapore,,303599865,AUD
2015-Q4,export_value_by_destination,Singapore,,309193678,AUD
2016-Q1,export_value_by_destination,Singapore,,412184644,AUD
2016-Q2,export_value_by_destination,Singapore,,334831066,AUD
2016-Q3,export_value_by_destination,Singapore,,294052488,AUD
2016-Q4,export_value_by_destination,Singapore,,760771303,AUD
2017-Q1,export_value_by_destination,Singapore,,424366782,AUD
2017-Q2,export_value_by_destination,Singapore,,240946987,AUD
2017-Q3,export_value_by_destination,Singapore,,72340486,AUD
2017-Q4,export_value_by_destination,Singapore,,79281246,AUD
2018-Q1,export_value_by_destination,Singapore,,18484803,AUD
2018-Q2,export_value_by_destination,Singapore,,776625335,AUD
2018-Q3,export_value_by_destination,Singapore,,488697321,AUD
2018-Q4,export_value_by_destination,Singapore,,276709512,AUD
2019-Q1,export_value_by_destination,Singapore,,792982352,AUD
2019-Q2,export_value_by_destination,Singapore,,1014349817,AUD
2019-Q3,export_value_by_destination,Singapore,,1166871486,AUD
2019-Q4,export_value_by_destination,Singapore,,1303236627,AUD
2020-Q1,export_value_by_destination,Singapore,,1233264465,AUD
2020-Q2,export_value_by_destination,Singapore,,1001398114,AUD
2020-Q3,export_value_by_destination,Singapore,,753758023,AUD
2020-Q4,export_value_by_destination,Singapore,,774685292,AUD
2021-Q1,export_value_by_destination,Singapore,,762186763,AUD
2021-Q2,export_value_by_destination,Singapore,,868630004,AUD
2021-Q3,export_value_by_destination,Singapore,,1165986051,AUD
2021-Q4,export_value_by_destination,Singapore,,1990008189,AUD
2022-Q1,export_value_by_destination,Singapore,,1894389101,AUD
2022-Q2,export_value_by_destination,Singapore,,3890872824,AUD
2022-Q3,export_value_by_destination,Singapore,,752545186,AUD
2022-Q4,export_value_by_destination,Singapore,,1349936998,AUD
2023-Q1,export_value_by_destination,Singapore,,331064988,AUD
2023-Q2,export_value_by_destination,Singapore,,608528484,AUD
2023-Q3,export_value_by_destination,Singapore,,253509273,AUD
2023-Q4,export_value_by_destination,Singapore,,308095721,AUD
2024-Q1,export_value_by_destination,Singapore,,497154611,AUD
2024-Q2,export_value_by_destination,Singapore,,259426102,AUD
2024-Q3,export_value_by_destination,Singapore,,352444494,AUD
2024-Q4,export_value_by_destination,Singapore,,139712275,AUD
2025-Q1,export_value_by_destination,Singapore,,189603875,AUD
2025-Q2,export_value_by_destination,Singapore,,139513849,AUD
2025-Q3,export_value_by_destination,Singapore,,95529723,AUD
2025-Q4,export_value_by_destination,Singapore,,129964261,AUD
2026-Q1,export_value_by_destination,Singapore,,104158313,AUD
2010-Q1,export_value_by_destination,South Korea,,604596018,AUD
2010-Q2,export_value_by_destination,South Korea,,751596605,AUD
2010-Q3,export_value_by_destination,South Korea,,947768021,AUD
2010-Q4,export_value_by_destination,South Korea,,937422707,AUD
2011-Q1,export_value_by_destination,South Korea,,667134687,AUD
2011-Q2,export_value_by_destination,South Korea,,817901432,AUD
2011-Q3,export_value_by_destination,South Korea,,1024275086,AUD
2011-Q4,export_value_by_destination,South Korea,,1176443147,AUD
2012-Q1,export_value_by_destination,South Korea,,941810970,AUD
2012-Q2,export_value_by_destination,South Korea,,762437211,AUD
2012-Q3,export_value_by_destination,South Korea,,773771928,AUD
2012-Q4,export_value_by_destination,South Korea,,665558494,AUD
2013-Q1,export_value_by_destination,South Korea,,723970946,AUD
2013-Q2,export_value_by_destination,South Korea,,784972461,AUD
2013-Q3,export_value_by_destination,South Korea,,636764724,AUD
2013-Q4,export_value_by_destination,South Korea,,701609570,AUD
2014-Q1,export_value_by_destination,South Korea,,822218547,AUD
2014-Q2,export_value_by_destination,South Korea,,699170886,AUD
2014-Q3,export_value_by_destination,South Korea,,591200327,AUD
2014-Q4,export_value_by_destination,South Korea,,683119054,AUD
2015-Q1,export_value_by_destination,South Korea,,636915674,AUD
2015-Q2,export_value_by_destination,South Korea,,750484764,AUD
2015-Q3,export_value_by_destination,South Korea,,709628605,AUD
2015-Q4,export_value_by_destination,South Korea,,718813768,AUD
2016-Q1,export_value_by_destination,South Korea,,619826424,AUD
2016-Q2,export_value_by_destination,South Korea,,565836901,AUD
2016-Q3,export_value_by_destination,South Korea,,646417732,AUD
2016-Q4,export_value_by_destination,South Korea,,1116102307,AUD
2017-Q1,export_value_by_destination,South Korea,,1124186210,AUD
2017-Q2,export_value_by_destination,South Korea,,990973835,AUD
2017-Q3,export_value_by_destination,South Korea,,959666857,AUD
2017-Q4,export_value_by_destination,South Korea,,1065359392,AUD
2018-Q1,export_value_by_destination,South Korea,,1196476375,AUD
2018-Q2,export_value_by_destination,South Korea,,755669628,AUD
2018-Q3,export_value_by_destination,South Korea,,1022479721,AUD
2018-Q4,export_value_by_destination,South Korea,,1368180147,AUD
2019-Q1,export_value_by_destination,South Korea,,1102686799,AUD
2019-Q2,export_value_by_destination,South Korea,,1176811200,AUD
2019-Q3,export_value_by_destination,South Korea,,845237442,AUD
2019-Q4,export_value_by_destination,South Korea,,731745335,AUD
2020-Q1,export_value_by_destination,South Korea,,821990702,AUD
2020-Q2,export_value_by_destination,South Korea,,630459938,AUD
2020-Q3,export_value_by_destination,South Korea,,498467382,AUD
2020-Q4,export_value_by_destination,South Korea,,691131300,AUD
2021-Q1,export_value_by_destination,South Korea,,774131417,AUD
2021-Q2,export_value_by_destination,South Korea,,859687962,AUD
2021-Q3,export_value_by_destination,South Korea,,1612669956,AUD
2021-Q4,export_value_by_destination,South Korea,,2099112063,AUD
2022-Q1,export_value_by_destination,South Korea,,2848809466,AUD
2022-Q2,export_value_by_destination,South Korea,,2825613204,AUD
2022-Q3,export_value_by_destination,South Korea,,2106023873,AUD
2022-Q4,export_value_by_destination,South Korea,,2240133952,AUD
2023-Q1,export_value_by_destination,South Korea,,2334025681,AUD
2023-Q2,export_value_by_destination,South Korea,,1994267290,AUD
2023-Q3,export_value_by_destination,South Korea,,1657451540,AUD
2023-Q4,export_value_by_destination,South Korea,,2065289758,AUD
2024-Q1,export_value_by_destination,South Korea,,1878415779,AUD
2024-Q2,export_value_by_destination,South Korea,,1514432375,AUD
2024-Q3,export_value_by_destination,South Korea,,1602657045,AUD
2024-Q4,export_value_by_destination,South Korea,,1507914395,AUD
2025-Q1,export_value_by_destination,South Korea,,1373400596,AUD
2025-Q2,export_value_by_destination,South Korea,,1241994259,AUD
2025-Q3,export_value_by_destination,South Korea,,1505663011,AUD
2025-Q4,export_value_by_destination,South Korea,,1465267809,AUD
2026-Q1,export_value_by_destination,South Korea,,1534004656,AUD
2010-Q1,export_value_by_destination,Spain,,31317533,AUD
2010-Q2,export_value_by_destination,Spain,,86560853,AUD
2010-Q3,export_value_by_destination,Spain,,140447170,AUD
2010-Q4,export_value_by_destination,Spain,,107756529,AUD
2011-Q1,export_value_by_destination,Spain,,10604015,AUD
2011-Q2,export_value_by_destination,Spain,,139744171,AUD
2011-Q3,export_value_by_destination,Spain,,149588927,AUD
2011-Q4,export_value_by_destination,Spain,,149128952,AUD
2012-Q1,export_value_by_destination,Spain,,92284850,AUD
2012-Q2,export_value_by_destination,Spain,,54368488,AUD
2012-Q3,export_value_by_destination,Spain,,64409261,AUD
2012-Q4,export_value_by_destination,Spain,,53593941,AUD
2013-Q1,export_value_by_destination,Spain,,45373885,AUD
2013-Q2,export_value_by_destination,Spain,,31249567,AUD
2013-Q3,export_value_by_destination,Spain,,31467589,AUD
2013-Q4,export_value_by_destination,Spain,,42563775,AUD
2014-Q1,export_value_by_destination,Spain,,38909457,AUD
2014-Q2,export_value_by_destination,Spain,,17527220,AUD
2014-Q3,export_value_by_destination,Spain,,33528444,AUD
2014-Q4,export_value_by_destination,Spain,,50231326,AUD
2015-Q1,export_value_by_destination,Spain,,35584481,AUD
2015-Q2,export_value_by_destination,Spain,,32734532,AUD
2015-Q3,export_value_by_destination,Spain,,38681288,AUD
2015-Q4,export_value_by_destination,Spain,,41628846,AUD
2016-Q1,export_value_by_destination,Spain,,29765287,AUD
2016-Q2,export_value_by_destination,Spain,,19343482,AUD
2016-Q3,export_value_by_destination,Spain,,50388269,AUD
2016-Q4,export_value_by_destination,Spain,,115428544,AUD
2017-Q1,export_value_by_destination,Spain,,60071135,AUD
2017-Q2,export_value_by_destination,Spain,,29307452,AUD
2017-Q3,export_value_by_destination,Spain,,64034128,AUD
2017-Q4,export_value_by_destination,Spain,,63137595,AUD
2018-Q1,export_value_by_destination,Spain,,89761084,AUD
2018-Q2,export_value_by_destination,Spain,,75898782,AUD
2018-Q3,export_value_by_destination,Spain,,53581338,AUD
2018-Q4,export_value_by_destination,Spain,,45301398,AUD
2019-Q1,export_value_by_destination,Spain,,47229185,AUD
2019-Q2,export_value_by_destination,Spain,,60683702,AUD
2019-Q3,export_value_by_destination,Spain,,41473747,AUD
2019-Q4,export_value_by_destination,Spain,,35450830,AUD
2020-Q1,export_value_by_destination,Spain,,57253071,AUD
2020-Q2,export_value_by_destination,Spain,,12805657,AUD
2020-Q3,export_value_by_destination,Spain,,5476967,AUD
2020-Q4,export_value_by_destination,Spain,,33187939,AUD
2021-Q1,export_value_by_destination,Spain,,25497906,AUD
2021-Q2,export_value_by_destination,Spain,,16676119,AUD
2021-Q3,export_value_by_destination,Spain,,52664768,AUD
2021-Q4,export_value_by_destination,Spain,,24797988,AUD
2022-Q1,export_value_by_destination,Spain,,72477225,AUD
2022-Q2,export_value_by_destination,Spain,,77932603,AUD
2022-Q3,export_value_by_destination,Spain,,57495434,AUD
2022-Q4,export_value_by_destination,Spain,,63338400,AUD
2023-Q1,export_value_by_destination,Spain,,50922673,AUD
2023-Q2,export_value_by_destination,Spain,,90031634,AUD
2023-Q3,export_value_by_destination,Spain,,33866795,AUD
2023-Q4,export_value_by_destination,Spain,,65280396,AUD
2024-Q1,export_value_by_destination,Spain,,65744611,AUD
2024-Q2,export_value_by_destination,Spain,,47587434,AUD
2024-Q3,export_value_by_destination,Spain,,41734704,AUD
2024-Q4,export_value_by_destination,Spain,,26419548,AUD
2025-Q1,export_value_by_destination,Spain,,62510487,AUD
2025-Q2,export_value_by_destination,Spain,,24566495,AUD
2025-Q3,export_value_by_destination,Spain,,25289780,AUD
2025-Q4,export_value_by_destination,Spain,,95956150,AUD
2026-Q1,export_value_by_destination,Spain,,72691517,AUD
2010-Q1,export_value_by_destination,Sweden,,42842956,AUD
2010-Q2,export_value_by_destination,Sweden,,64609244,AUD
2010-Q3,export_value_by_destination,Sweden,,111225784,AUD
2010-Q4,export_value_by_destination,Sweden,,30624829,AUD
2011-Q1,export_value_by_destination,Sweden,,0,AUD
2011-Q2,export_value_by_destination,Sweden,,105707685,AUD
2011-Q3,export_value_by_destination,Sweden,,129727049,AUD
2011-Q4,export_value_by_destination,Sweden,,16271746,AUD
2012-Q1,export_value_by_destination,Sweden,,15829410,AUD
2012-Q2,export_value_by_destination,Sweden,,63967724,AUD
2012-Q3,export_value_by_destination,Sweden,,92499148,AUD
2012-Q4,export_value_by_destination,Sweden,,11566119,AUD
2013-Q1,export_value_by_destination,Sweden,,10618978,AUD
2013-Q2,export_value_by_destination,Sweden,,35708859,AUD
2013-Q3,export_value_by_destination,Sweden,,80975048,AUD
2013-Q4,export_value_by_destination,Sweden,,11880226,AUD
2014-Q1,export_value_by_destination,Sweden,,25009492,AUD
2014-Q2,export_value_by_destination,Sweden,,49900143,AUD
2014-Q3,export_value_by_destination,Sweden,,28803089,AUD
2014-Q4,export_value_by_destination,Sweden,,20983946,AUD
2015-Q1,export_value_by_destination,Sweden,,21348867,AUD
2015-Q2,export_value_by_destination,Sweden,,54940550,AUD
2015-Q3,export_value_by_destination,Sweden,,68348085,AUD
2015-Q4,export_value_by_destination,Sweden,,8940910,AUD
2016-Q1,export_value_by_destination,Sweden,,17876262,AUD
2016-Q2,export_value_by_destination,Sweden,,55249139,AUD
2016-Q3,export_value_by_destination,Sweden,,72112939,AUD
2016-Q4,export_value_by_destination,Sweden,,51191950,AUD
2017-Q1,export_value_by_destination,Sweden,,18087997,AUD
2017-Q2,export_value_by_destination,Sweden,,60543807,AUD
2017-Q3,export_value_by_destination,Sweden,,91949601,AUD
2017-Q4,export_value_by_destination,Sweden,,0,AUD
2018-Q1,export_value_by_destination,Sweden,,48668335,AUD
2018-Q2,export_value_by_destination,Sweden,,67156563,AUD
2018-Q3,export_value_by_destination,Sweden,,74460267,AUD
2018-Q4,export_value_by_destination,Sweden,,24033496,AUD
2019-Q1,export_value_by_destination,Sweden,,39388994,AUD
2019-Q2,export_value_by_destination,Sweden,,96542753,AUD
2019-Q3,export_value_by_destination,Sweden,,162030159,AUD
2019-Q4,export_value_by_destination,Sweden,,17669751,AUD
2020-Q1,export_value_by_destination,Sweden,,39264002,AUD
2020-Q2,export_value_by_destination,Sweden,,64117676,AUD
2020-Q3,export_value_by_destination,Sweden,,68457193,AUD
2020-Q4,export_value_by_destination,Sweden,,23337550,AUD
2021-Q1,export_value_by_destination,Sweden,,14640173,AUD
2021-Q2,export_value_by_destination,Sweden,,48148027,AUD
2021-Q3,export_value_by_destination,Sweden,,94881755,AUD
2021-Q4,export_value_by_destination,Sweden,,39130361,AUD
2022-Q1,export_value_by_destination,Sweden,,83525733,AUD
2022-Q2,export_value_by_destination,Sweden,,283145167,AUD
2022-Q3,export_value_by_destination,Sweden,,147786834,AUD
2022-Q4,export_value_by_destination,Sweden,,67623104,AUD
2023-Q1,export_value_by_destination,Sweden,,74292417,AUD
2023-Q2,export_value_by_destination,Sweden,,109976580,AUD
2023-Q3,export_value_by_destination,Sweden,,120996431,AUD
2023-Q4,export_value_by_destination,Sweden,,54139643,AUD
2024-Q1,export_value_by_destination,Sweden,,37794801,AUD
2024-Q2,export_value_by_destination,Sweden,,161236287,AUD
2024-Q3,export_value_by_destination,Sweden,,172538505,AUD
2024-Q4,export_value_by_destination,Sweden,,46708644,AUD
2025-Q1,export_value_by_destination,Sweden,,53081509,AUD
2025-Q2,export_value_by_destination,Sweden,,95475334,AUD
2025-Q3,export_value_by_destination,Sweden,,110967924,AUD
2025-Q4,export_value_by_destination,Sweden,,0,AUD
2026-Q1,export_value_by_destination,Sweden,,44735914,AUD
2010-Q1,export_value_by_destination,Switzerland,,0,AUD
2010-Q2,export_value_by_destination,Switzerland,,7162059,AUD
2010-Q3,export_value_by_destination,Switzerland,,0,AUD
2010-Q4,export_value_by_destination,Switzerland,,7818302,AUD
2011-Q1,export_value_by_destination,Switzerland,,0,AUD
2011-Q2,export_value_by_destination,Switzerland,,0,AUD
2011-Q3,export_value_by_destination,Switzerland,,0,AUD
2011-Q4,export_value_by_destination,Switzerland,,0,AUD
2012-Q1,export_value_by_destination,Switzerland,,2258398,AUD
2012-Q2,export_value_by_destination,Switzerland,,7355351,AUD
2012-Q3,export_value_by_destination,Switzerland,,0,AUD
2012-Q4,export_value_by_destination,Switzerland,,69619607,AUD
2013-Q1,export_value_by_destination,Switzerland,,59750767,AUD
2013-Q2,export_value_by_destination,Switzerland,,46905617,AUD
2013-Q3,export_value_by_destination,Switzerland,,30440725,AUD
2013-Q4,export_value_by_destination,Switzerland,,49107161,AUD
2014-Q1,export_value_by_destination,Switzerland,,52144217,AUD
2014-Q2,export_value_by_destination,Switzerland,,96868428,AUD
2014-Q3,export_value_by_destination,Switzerland,,28930046,AUD
2014-Q4,export_value_by_destination,Switzerland,,99368903,AUD
2015-Q1,export_value_by_destination,Switzerland,,76341569,AUD
2015-Q2,export_value_by_destination,Switzerland,,107189625,AUD
2015-Q3,export_value_by_destination,Switzerland,,118433736,AUD
2015-Q4,export_value_by_destination,Switzerland,,100340358,AUD
2016-Q1,export_value_by_destination,Switzerland,,99443703,AUD
2016-Q2,export_value_by_destination,Switzerland,,125100841,AUD
2016-Q3,export_value_by_destination,Switzerland,,116061092,AUD
2016-Q4,export_value_by_destination,Switzerland,,51503587,AUD
2017-Q1,export_value_by_destination,Switzerland,,185460902,AUD
2017-Q2,export_value_by_destination,Switzerland,,53500602,AUD
2017-Q3,export_value_by_destination,Switzerland,,37397766,AUD
2017-Q4,export_value_by_destination,Switzerland,,22095947,AUD
2018-Q1,export_value_by_destination,Switzerland,,34220130,AUD
2018-Q2,export_value_by_destination,Switzerland,,403563317,AUD
2018-Q3,export_value_by_destination,Switzerland,,218848353,AUD
2018-Q4,export_value_by_destination,Switzerland,,63174122,AUD
2019-Q1,export_value_by_destination,Switzerland,,195095862,AUD
2019-Q2,export_value_by_destination,Switzerland,,284037141,AUD
2019-Q3,export_value_by_destination,Switzerland,,302914095,AUD
2019-Q4,export_value_by_destination,Switzerland,,255031215,AUD
2020-Q1,export_value_by_destination,Switzerland,,172932463,AUD
2020-Q2,export_value_by_destination,Switzerland,,220197758,AUD
2020-Q3,export_value_by_destination,Switzerland,,107560203,AUD
2020-Q4,export_value_by_destination,Switzerland,,53789004,AUD
2021-Q1,export_value_by_destination,Switzerland,,251855657,AUD
2021-Q2,export_value_by_destination,Switzerland,,166953524,AUD
2021-Q3,export_value_by_destination,Switzerland,,543102422,AUD
2021-Q4,export_value_by_destination,Switzerland,,833252632,AUD
2022-Q1,export_value_by_destination,Switzerland,,708124412,AUD
2022-Q2,export_value_by_destination,Switzerland,,1342947159,AUD
2022-Q3,export_value_by_destination,Switzerland,,898120197,AUD
2022-Q4,export_value_by_destination,Switzerland,,853724187,AUD
2023-Q1,export_value_by_destination,Switzerland,,183259739,AUD
2023-Q2,export_value_by_destination,Switzerland,,0,AUD
2023-Q3,export_value_by_destination,Switzerland,,4995700,AUD
2023-Q4,export_value_by_destination,Switzerland,,245115186,AUD
2024-Q1,export_value_by_destination,Switzerland,,109309899,AUD
2024-Q2,export_value_by_destination,Switzerland,,20131275,AUD
2024-Q3,export_value_by_destination,Switzerland,,16386150,AUD
2024-Q4,export_value_by_destination,Switzerland,,26413718,AUD
2025-Q1,export_value_by_destination,Switzerland,,102527326,AUD
2025-Q2,export_value_by_destination,Switzerland,,18075242,AUD
2025-Q3,export_value_by_destination,Switzerland,,43423781,AUD
2025-Q4,export_value_by_destination,Switzerland,,0,AUD
2026-Q1,export_value_by_destination,Switzerland,,18575295,AUD
2010-Q1,export_value_by_destination,Taiwan,,244157546,AUD
2010-Q2,export_value_by_destination,Taiwan,,482874272,AUD
2010-Q3,export_value_by_destination,Taiwan,,489254865,AUD
2010-Q4,export_value_by_destination,Taiwan,,459128883,AUD
2011-Q1,export_value_by_destination,Taiwan,,276617532,AUD
2011-Q2,export_value_by_destination,Taiwan,,443928820,AUD
2011-Q3,export_value_by_destination,Taiwan,,501313073,AUD
2011-Q4,export_value_by_destination,Taiwan,,486945973,AUD
2012-Q1,export_value_by_destination,Taiwan,,410740350,AUD
2012-Q2,export_value_by_destination,Taiwan,,427105700,AUD
2012-Q3,export_value_by_destination,Taiwan,,355522761,AUD
2012-Q4,export_value_by_destination,Taiwan,,291869681,AUD
2013-Q1,export_value_by_destination,Taiwan,,288764067,AUD
2013-Q2,export_value_by_destination,Taiwan,,293534907,AUD
2013-Q3,export_value_by_destination,Taiwan,,304192271,AUD
2013-Q4,export_value_by_destination,Taiwan,,284584660,AUD
2014-Q1,export_value_by_destination,Taiwan,,312234365,AUD
2014-Q2,export_value_by_destination,Taiwan,,249774605,AUD
2014-Q3,export_value_by_destination,Taiwan,,265131792,AUD
2014-Q4,export_value_by_destination,Taiwan,,296775441,AUD
2015-Q1,export_value_by_destination,Taiwan,,298654078,AUD
2015-Q2,export_value_by_destination,Taiwan,,260748408,AUD
2015-Q3,export_value_by_destination,Taiwan,,228159408,AUD
2015-Q4,export_value_by_destination,Taiwan,,251890562,AUD
2016-Q1,export_value_by_destination,Taiwan,,222229089,AUD
2016-Q2,export_value_by_destination,Taiwan,,227031654,AUD
2016-Q3,export_value_by_destination,Taiwan,,261294961,AUD
2016-Q4,export_value_by_destination,Taiwan,,579027627,AUD
2017-Q1,export_value_by_destination,Taiwan,,504727724,AUD
2017-Q2,export_value_by_destination,Taiwan,,400517007,AUD
2017-Q3,export_value_by_destination,Taiwan,,476563722,AUD
2017-Q4,export_value_by_destination,Taiwan,,470210696,AUD
2018-Q1,export_value_by_destination,Taiwan,,518287465,AUD
2018-Q2,export_value_by_destination,Taiwan,,577471050,AUD
2018-Q3,export_value_by_destination,Taiwan,,529677537,AUD
2018-Q4,export_value_by_destination,Taiwan,,530188710,AUD
2019-Q1,export_value_by_destination,Taiwan,,548885379,AUD
2019-Q2,export_value_by_destination,Taiwan,,572391918,AUD
2019-Q3,export_value_by_destination,Taiwan,,450182538,AUD
2019-Q4,export_value_by_destination,Taiwan,,342056929,AUD
2020-Q1,export_value_by_destination,Taiwan,,353602389,AUD
2020-Q2,export_value_by_destination,Taiwan,,287455294,AUD
2020-Q3,export_value_by_destination,Taiwan,,211816475,AUD
2020-Q4,export_value_by_destination,Taiwan,,205640188,AUD
2021-Q1,export_value_by_destination,Taiwan,,336552189,AUD
2021-Q2,export_value_by_destination,Taiwan,,383592823,AUD
2021-Q3,export_value_by_destination,Taiwan,,592930206,AUD
2021-Q4,export_value_by_destination,Taiwan,,822000065,AUD
2022-Q1,export_value_by_destination,Taiwan,,1089110023,AUD
2022-Q2,export_value_by_destination,Taiwan,,1839047397,AUD
2022-Q3,export_value_by_destination,Taiwan,,1465092342,AUD
2022-Q4,export_value_by_destination,Taiwan,,716470956,AUD
2023-Q1,export_value_by_destination,Taiwan,,967583715,AUD
2023-Q2,export_value_by_destination,Taiwan,,1004661799,AUD
2023-Q3,export_value_by_destination,Taiwan,,541595967,AUD
2023-Q4,export_value_by_destination,Taiwan,,722549206,AUD
2024-Q1,export_value_by_destination,Taiwan,,616375654,AUD
2024-Q2,export_value_by_destination,Taiwan,,814578733,AUD
2024-Q3,export_value_by_destination,Taiwan,,500254024,AUD
2024-Q4,export_value_by_destination,Taiwan,,521543588,AUD
2025-Q1,export_value_by_destination,Taiwan,,483120662,AUD
2025-Q2,export_value_by_destination,Taiwan,,434208897,AUD
2025-Q3,export_value_by_destination,Taiwan,,395362143,AUD
2025-Q4,export_value_by_destination,Taiwan,,485654895,AUD
2026-Q1,export_value_by_destination,Taiwan,,441808535,AUD
2010-Q1,export_value_by_destination,Turkey,,37131357,AUD
2010-Q2,export_value_by_destination,Turkey,,73822413,AUD
2010-Q3,export_value_by_destination,Turkey,,75381343,AUD
2010-Q4,export_value_by_destination,Turkey,,60590324,AUD
2011-Q1,export_value_by_destination,Turkey,,0,AUD
2011-Q2,export_value_by_destination,Turkey,,0,AUD
2011-Q3,export_value_by_destination,Turkey,,50577211,AUD
2011-Q4,export_value_by_destination,Turkey,,124066890,AUD
2012-Q1,export_value_by_destination,Turkey,,120749094,AUD
2012-Q2,export_value_by_destination,Turkey,,62780763,AUD
2012-Q3,export_value_by_destination,Turkey,,31007340,AUD
2012-Q4,export_value_by_destination,Turkey,,67370418,AUD
2013-Q1,export_value_by_destination,Turkey,,23650366,AUD
2013-Q2,export_value_by_destination,Turkey,,55651917,AUD
2013-Q3,export_value_by_destination,Turkey,,26311330,AUD
2013-Q4,export_value_by_destination,Turkey,,0,AUD
2014-Q1,export_value_by_destination,Turkey,,0,AUD
2014-Q2,export_value_by_destination,Turkey,,27309022,AUD
2014-Q3,export_value_by_destination,Turkey,,3522156,AUD
2014-Q4,export_value_by_destination,Turkey,,35147404,AUD
2015-Q1,export_value_by_destination,Turkey,,71297689,AUD
2015-Q2,export_value_by_destination,Turkey,,75890734,AUD
2015-Q3,export_value_by_destination,Turkey,,76351499,AUD
2015-Q4,export_value_by_destination,Turkey,,25415777,AUD
2016-Q1,export_value_by_destination,Turkey,,49576522,AUD
2016-Q2,export_value_by_destination,Turkey,,38075924,AUD
2016-Q3,export_value_by_destination,Turkey,,46085607,AUD
2016-Q4,export_value_by_destination,Turkey,,33147345,AUD
2017-Q1,export_value_by_destination,Turkey,,118661716,AUD
2017-Q2,export_value_by_destination,Turkey,,43286012,AUD
2017-Q3,export_value_by_destination,Turkey,,32450743,AUD
2017-Q4,export_value_by_destination,Turkey,,105000935,AUD
2018-Q1,export_value_by_destination,Turkey,,0,AUD
2018-Q2,export_value_by_destination,Turkey,,0,AUD
2018-Q3,export_value_by_destination,Turkey,,46165010,AUD
2018-Q4,export_value_by_destination,Turkey,,18666516,AUD
2019-Q1,export_value_by_destination,Turkey,,123148598,AUD
2019-Q2,export_value_by_destination,Turkey,,138934913,AUD
2019-Q3,export_value_by_destination,Turkey,,46582298,AUD
2019-Q4,export_value_by_destination,Turkey,,38312675,AUD
2020-Q1,export_value_by_destination,Turkey,,13150819,AUD
2020-Q2,export_value_by_destination,Turkey,,0,AUD
2020-Q3,export_value_by_destination,Turkey,,34450705,AUD
2020-Q4,export_value_by_destination,Turkey,,96493821,AUD
2021-Q1,export_value_by_destination,Turkey,,73514387,AUD
2021-Q2,export_value_by_destination,Turkey,,64316371,AUD
2021-Q3,export_value_by_destination,Turkey,,36189182,AUD
2021-Q4,export_value_by_destination,Turkey,,234691435,AUD
2022-Q1,export_value_by_destination,Turkey,,186646523,AUD
2022-Q2,export_value_by_destination,Turkey,,174095166,AUD
2022-Q3,export_value_by_destination,Turkey,,236086938,AUD
2022-Q4,export_value_by_destination,Turkey,,346788636,AUD
2023-Q1,export_value_by_destination,Turkey,,185095163,AUD
2023-Q2,export_value_by_destination,Turkey,,172386302,AUD
2023-Q3,export_value_by_destination,Turkey,,197642414,AUD
2023-Q4,export_value_by_destination,Turkey,,295433308,AUD
2024-Q1,export_value_by_destination,Turkey,,266798853,AUD
2024-Q2,export_value_by_destination,Turkey,,209523703,AUD
2024-Q3,export_value_by_destination,Turkey,,215870170,AUD
2024-Q4,export_value_by_destination,Turkey,,161071472,AUD
2025-Q1,export_value_by_destination,Turkey,,21105271,AUD
2025-Q2,export_value_by_destination,Turkey,,156954080,AUD
2025-Q3,export_value_by_destination,Turkey,,53717058,AUD
2025-Q4,export_value_by_destination,Turkey,,107356453,AUD
2026-Q1,export_value_by_destination,Turkey,,95502835,AUD
2010-Q1,export_value_by_destination,United Kingdom,,137605031,AUD
2010-Q2,export_value_by_destination,United Kingdom,,191336616,AUD
2010-Q3,export_value_by_destination,United Kingdom,,201152625,AUD
2010-Q4,export_value_by_destination,United Kingdom,,115652948,AUD
2011-Q1,export_value_by_destination,United Kingdom,,72244109,AUD
2011-Q2,export_value_by_destination,United Kingdom,,222228699,AUD
2011-Q3,export_value_by_destination,United Kingdom,,274273624,AUD
2011-Q4,export_value_by_destination,United Kingdom,,171827995,AUD
2012-Q1,export_value_by_destination,United Kingdom,,154916567,AUD
2012-Q2,export_value_by_destination,United Kingdom,,172342763,AUD
2012-Q3,export_value_by_destination,United Kingdom,,45154057,AUD
2012-Q4,export_value_by_destination,United Kingdom,,65997959,AUD
2013-Q1,export_value_by_destination,United Kingdom,,62705015,AUD
2013-Q2,export_value_by_destination,United Kingdom,,75241732,AUD
2013-Q3,export_value_by_destination,United Kingdom,,77499706,AUD
2013-Q4,export_value_by_destination,United Kingdom,,21065699,AUD
2014-Q1,export_value_by_destination,United Kingdom,,48608227,AUD
2014-Q2,export_value_by_destination,United Kingdom,,17013843,AUD
2014-Q3,export_value_by_destination,United Kingdom,,45766826,AUD
2014-Q4,export_value_by_destination,United Kingdom,,26868633,AUD
2015-Q1,export_value_by_destination,United Kingdom,,50042064,AUD
2015-Q2,export_value_by_destination,United Kingdom,,16409615,AUD
2015-Q3,export_value_by_destination,United Kingdom,,46079508,AUD
2015-Q4,export_value_by_destination,United Kingdom,,20417643,AUD
2016-Q1,export_value_by_destination,United Kingdom,,19663407,AUD
2016-Q2,export_value_by_destination,United Kingdom,,35455279,AUD
2016-Q3,export_value_by_destination,United Kingdom,,73114408,AUD
2016-Q4,export_value_by_destination,United Kingdom,,46866173,AUD
2017-Q1,export_value_by_destination,United Kingdom,,19844933,AUD
2017-Q2,export_value_by_destination,United Kingdom,,38353254,AUD
2017-Q3,export_value_by_destination,United Kingdom,,32085743,AUD
2017-Q4,export_value_by_destination,United Kingdom,,51231890,AUD
2018-Q1,export_value_by_destination,United Kingdom,,66468024,AUD
2018-Q2,export_value_by_destination,United Kingdom,,40260104,AUD
2018-Q3,export_value_by_destination,United Kingdom,,37528386,AUD
2018-Q4,export_value_by_destination,United Kingdom,,34103898,AUD
2019-Q1,export_value_by_destination,United Kingdom,,16929469,AUD
2019-Q2,export_value_by_destination,United Kingdom,,14691022,AUD
2019-Q3,export_value_by_destination,United Kingdom,,43796328,AUD
2019-Q4,export_value_by_destination,United Kingdom,,2382243,AUD
2020-Q1,export_value_by_destination,United Kingdom,,13171341,AUD
2020-Q2,export_value_by_destination,United Kingdom,,15135406,AUD
2020-Q3,export_value_by_destination,United Kingdom,,11655714,AUD
2020-Q4,export_value_by_destination,United Kingdom,,19280649,AUD
2021-Q1,export_value_by_destination,United Kingdom,,10102149,AUD
2021-Q2,export_value_by_destination,United Kingdom,,59920417,AUD
2021-Q3,export_value_by_destination,United Kingdom,,68851123,AUD
2021-Q4,export_value_by_destination,United Kingdom,,56962218,AUD
2022-Q1,export_value_by_destination,United Kingdom,,25495544,AUD
2022-Q2,export_value_by_destination,United Kingdom,,14424464,AUD
2022-Q3,export_value_by_destination,United Kingdom,,34895280,AUD
2022-Q4,export_value_by_destination,United Kingdom,,30453188,AUD
2023-Q1,export_value_by_destination,United Kingdom,,54541868,AUD
2023-Q2,export_value_by_destination,United Kingdom,,0,AUD
2023-Q3,export_value_by_destination,United Kingdom,,0,AUD
2023-Q4,export_value_by_destination,United Kingdom,,0,AUD
2024-Q1,export_value_by_destination,United Kingdom,,100206481,AUD
2024-Q2,export_value_by_destination,United Kingdom,,0,AUD
2024-Q3,export_value_by_destination,United Kingdom,,0,AUD
2024-Q4,export_value_by_destination,United Kingdom,,0,AUD
2025-Q1,export_value_by_destination,United Kingdom,,24641710,AUD
2025-Q2,export_value_by_destination,United Kingdom,,0,AUD
2025-Q3,export_value_by_destination,United Kingdom,,0,AUD
2025-Q4,export_value_by_destination,United Kingdom,,23089350,AUD
2026-Q1,export_value_by_destination,United Kingdom,,0,AUD
2010-Q1,export_value_by_destination,Vietnam,,11926107,AUD
2010-Q2,export_value_by_destination,Vietnam,,47154736,AUD
2010-Q3,export_value_by_destination,Vietnam,,12285315,AUD
2010-Q4,export_value_by_destination,Vietnam,,0,AUD
2011-Q1,export_value_by_destination,Vietnam,,19423050,AUD
2011-Q2,export_value_by_destination,Vietnam,,12395118,AUD
2011-Q3,export_value_by_destination,Vietnam,,35157946,AUD
2011-Q4,export_value_by_destination,Vietnam,,12062332,AUD
2012-Q1,export_value_by_destination,Vietnam,,6065558,AUD
2012-Q2,export_value_by_destination,Vietnam,,20447820,AUD
2012-Q3,export_value_by_destination,Vietnam,,6295653,AUD
2012-Q4,export_value_by_destination,Vietnam,,4387463,AUD
2013-Q1,export_value_by_destination,Vietnam,,18803749,AUD
2013-Q2,export_value_by_destination,Vietnam,,0,AUD
2013-Q3,export_value_by_destination,Vietnam,,19502648,AUD
2013-Q4,export_value_by_destination,Vietnam,,16422817,AUD
2014-Q1,export_value_by_destination,Vietnam,,7898146,AUD
2014-Q2,export_value_by_destination,Vietnam,,25386835,AUD
2014-Q3,export_value_by_destination,Vietnam,,13198357,AUD
2014-Q4,export_value_by_destination,Vietnam,,19953892,AUD
2015-Q1,export_value_by_destination,Vietnam,,26176943,AUD
2015-Q2,export_value_by_destination,Vietnam,,13025532,AUD
2015-Q3,export_value_by_destination,Vietnam,,34857332,AUD
2015-Q4,export_value_by_destination,Vietnam,,33079010,AUD
2016-Q1,export_value_by_destination,Vietnam,,70081488,AUD
2016-Q2,export_value_by_destination,Vietnam,,73899185,AUD
2016-Q3,export_value_by_destination,Vietnam,,60392652,AUD
2016-Q4,export_value_by_destination,Vietnam,,79817678,AUD
2017-Q1,export_value_by_destination,Vietnam,,144269173,AUD
2017-Q2,export_value_by_destination,Vietnam,,71710356,AUD
2017-Q3,export_value_by_destination,Vietnam,,79425526,AUD
2017-Q4,export_value_by_destination,Vietnam,,169353277,AUD
2018-Q1,export_value_by_destination,Vietnam,,146147555,AUD
2018-Q2,export_value_by_destination,Vietnam,,231225687,AUD
2018-Q3,export_value_by_destination,Vietnam,,239514557,AUD
2018-Q4,export_value_by_destination,Vietnam,,305164118,AUD
2019-Q1,export_value_by_destination,Vietnam,,311477276,AUD
2019-Q2,export_value_by_destination,Vietnam,,457614876,AUD
2019-Q3,export_value_by_destination,Vietnam,,203187373,AUD
2019-Q4,export_value_by_destination,Vietnam,,362554946,AUD
2020-Q1,export_value_by_destination,Vietnam,,286999090,AUD
2020-Q2,export_value_by_destination,Vietnam,,472603543,AUD
2020-Q3,export_value_by_destination,Vietnam,,375392605,AUD
2020-Q4,export_value_by_destination,Vietnam,,310772950,AUD
2021-Q1,export_value_by_destination,Vietnam,,307900377,AUD
2021-Q2,export_value_by_destination,Vietnam,,374042707,AUD
2021-Q3,export_value_by_destination,Vietnam,,509600524,AUD
2021-Q4,export_value_by_destination,Vietnam,,680287682,AUD
2022-Q1,export_value_by_destination,Vietnam,,977861606,AUD
2022-Q2,export_value_by_destination,Vietnam,,1485860204,AUD
2022-Q3,export_value_by_destination,Vietnam,,940964395,AUD
2022-Q4,export_value_by_destination,Vietnam,,852907046,AUD
2023-Q1,export_value_by_destination,Vietnam,,905580888,AUD
2023-Q2,export_value_by_destination,Vietnam,,1065261082,AUD
2023-Q3,export_value_by_destination,Vietnam,,637276946,AUD
2023-Q4,export_value_by_destination,Vietnam,,652463236,AUD
2024-Q1,export_value_by_destination,Vietnam,,789453824,AUD
2024-Q2,export_value_by_destination,Vietnam,,686923380,AUD
2024-Q3,export_value_by_destination,Vietnam,,688224780,AUD
2024-Q4,export_value_by_destination,Vietnam,,570167583,AUD
2025-Q1,export_value_by_destination,Vietnam,,599893045,AUD
2025-Q2,export_value_by_destination,Vietnam,,688266485,AUD
2025-Q3,export_value_by_destination,Vietnam,,563332074,AUD
2025-Q4,export_value_by_destination,Vietnam,,638750160,AUD
2026-Q1,export_value_by_destination,Vietnam,,703002133,AUD
2010-Q1,port_export_tonnes,Abbot Point,Hard Coking Coal,432559,tonnes
2010-Q2,port_export_tonnes,Abbot Point,Hard Coking Coal,652899,tonnes
2010-Q3,port_export_tonnes,Abbot Point,Hard Coking Coal,613971,tonnes
2010-Q4,port_export_tonnes,Abbot Point,Hard Coking Coal,1238071,tonnes
2011-Q1,port_export_tonnes,Abbot Point,Hard Coking Coal,721498,tonnes
2011-Q2,port_export_tonnes,Abbot Point,Hard Coking Coal,696104,tonnes
2011-Q3,port_export_tonnes,Abbot Point,Hard Coking Coal,870438,tonnes
2011-Q4,port_export_tonnes,Abbot Point,Hard Coking Coal,628702,tonnes
2012-Q1,port_export_tonnes,Abbot Point,Hard Coking Coal,707850,tonnes
2012-Q2,port_export_tonnes,Abbot Point,Hard Coking Coal,608049,tonnes
2012-Q3,port_export_tonnes,Abbot Point,Hard Coking Coal,576027,tonnes
2012-Q4,port_export_tonnes,Abbot Point,Hard Coking Coal,875843,tonnes
2013-Q1,port_export_tonnes,Abbot Point,Hard Coking Coal,1243487,tonnes
2013-Q2,port_export_tonnes,Abbot Point,Hard Coking Coal,2188666,tonnes
2013-Q3,port_export_tonnes,Abbot Point,Hard Coking Coal,2198115,tonnes
2013-Q4,port_export_tonnes,Abbot Point,Hard Coking Coal,2681298,tonnes
2014-Q1,port_export_tonnes,Abbot Point,Hard Coking Coal,2550953,tonnes
2014-Q2,port_export_tonnes,Abbot Point,Hard Coking Coal,2888771,tonnes
2014-Q3,port_export_tonnes,Abbot Point,Hard Coking Coal,3088333,tonnes
2014-Q4,port_export_tonnes,Abbot Point,Hard Coking Coal,3455073,tonnes
2015-Q1,port_export_tonnes,Abbot Point,Hard Coking Coal,2945029,tonnes
2015-Q2,port_export_tonnes,Abbot Point,Hard Coking Coal,3289790,tonnes
2015-Q3,port_export_tonnes,Abbot Point,Hard Coking Coal,3642178,tonnes
2015-Q4,port_export_tonnes,Abbot Point,Hard Coking Coal,2241546,tonnes
2016-Q1,port_export_tonnes,Abbot Point,Hard Coking Coal,2445542,tonnes
2016-Q2,port_export_tonnes,Abbot Point,Hard Coking Coal,3620504,tonnes
2016-Q3,port_export_tonnes,Abbot Point,Hard Coking Coal,2745706,tonnes
2016-Q4,port_export_tonnes,Abbot Point,Hard Coking Coal,3226818,tonnes
2017-Q1,port_export_tonnes,Abbot Point,Hard Coking Coal,3254871,tonnes
2017-Q2,port_export_tonnes,Abbot Point,Hard Coking Coal,2715137,tonnes
2017-Q3,port_export_tonnes,Abbot Point,Hard Coking Coal,2896036,tonnes
2017-Q4,port_export_tonnes,Abbot Point,Hard Coking Coal,2719493,tonnes
2018-Q1,port_export_tonnes,Abbot Point,Hard Coking Coal,2289835,tonnes
2018-Q2,port_export_tonnes,Abbot Point,Hard Coking Coal,2680377,tonnes
2018-Q3,port_export_tonnes,Abbot Point,Hard Coking Coal,3439487,tonnes
2018-Q4,port_export_tonnes,Abbot Point,Hard Coking Coal,2414156,tonnes
2019-Q1,port_export_tonnes,Abbot Point,Hard Coking Coal,2185709,tonnes
2019-Q2,port_export_tonnes,Abbot Point,Hard Coking Coal,2685298,tonnes
2019-Q3,port_export_tonnes,Abbot Point,Hard Coking Coal,3395152,tonnes
2019-Q4,port_export_tonnes,Abbot Point,Hard Coking Coal,3227644,tonnes
2020-Q1,port_export_tonnes,Abbot Point,Hard Coking Coal,2628395,tonnes
2020-Q2,port_export_tonnes,Abbot Point,Hard Coking Coal,3375883,tonnes
2020-Q3,port_export_tonnes,Abbot Point,Hard Coking Coal,4343685,tonnes
2020-Q4,port_export_tonnes,Abbot Point,Hard Coking Coal,3914418,tonnes
2021-Q1,port_export_tonnes,Abbot Point,Hard Coking Coal,3546621,tonnes
2021-Q2,port_export_tonnes,Abbot Point,Hard Coking Coal,3739185,tonnes
2021-Q3,port_export_tonnes,Abbot Point,Hard Coking Coal,2794967,tonnes
2021-Q4,port_export_tonnes,Abbot Point,Hard Coking Coal,3603348,tonnes
2022-Q1,port_export_tonnes,Abbot Point,Hard Coking Coal,2555066,tonnes
2022-Q2,port_export_tonnes,Abbot Point,Hard Coking Coal,2004713,tonnes
2022-Q3,port_export_tonnes,Abbot Point,Hard Coking Coal,2748770,tonnes
2022-Q4,port_export_tonnes,Abbot Point,Hard Coking Coal,2629053,tonnes
2023-Q1,port_export_tonnes,Abbot Point,Hard Coking Coal,2653440,tonnes
2023-Q2,port_export_tonnes,Abbot Point,Hard Coking Coal,2154945,tonnes
2023-Q3,port_export_tonnes,Abbot Point,Hard Coking Coal,2188514,tonnes
2023-Q4,port_export_tonnes,Abbot Point,Hard Coking Coal,2103885,tonnes
2024-Q1,port_export_tonnes,Abbot Point,Hard Coking Coal,2305745,tonnes
2024-Q2,port_export_tonnes,Abbot Point,Hard Coking Coal,2677995,tonnes
2024-Q3,port_export_tonnes,Abbot Point,Hard Coking Coal,2022833,tonnes
2024-Q4,port_export_tonnes,Abbot Point,Hard Coking Coal,2275522,tonnes
2025-Q1,port_export_tonnes,Abbot Point,Hard Coking Coal,2084905,tonnes
2025-Q2,port_export_tonnes,Abbot Point,Hard Coking Coal,1967694,tonnes
2025-Q3,port_export_tonnes,Abbot Point,Hard Coking Coal,2038488,tonnes
2025-Q4,port_export_tonnes,Abbot Point,Hard Coking Coal,2376514,tonnes
2026-Q1,port_export_tonnes,Abbot Point,Hard Coking Coal,2061305,tonnes
2010-Q1,port_export_tonnes,Abbot Point,PCI,0,tonnes
2010-Q2,port_export_tonnes,Abbot Point,PCI,0,tonnes
2010-Q3,port_export_tonnes,Abbot Point,PCI,0,tonnes
2010-Q4,port_export_tonnes,Abbot Point,PCI,0,tonnes
2011-Q1,port_export_tonnes,Abbot Point,PCI,0,tonnes
2011-Q2,port_export_tonnes,Abbot Point,PCI,0,tonnes
2011-Q3,port_export_tonnes,Abbot Point,PCI,0,tonnes
2011-Q4,port_export_tonnes,Abbot Point,PCI,0,tonnes
2012-Q1,port_export_tonnes,Abbot Point,PCI,0,tonnes
2012-Q2,port_export_tonnes,Abbot Point,PCI,0,tonnes
2012-Q3,port_export_tonnes,Abbot Point,PCI,0,tonnes
2012-Q4,port_export_tonnes,Abbot Point,PCI,0,tonnes
2013-Q1,port_export_tonnes,Abbot Point,PCI,0,tonnes
2013-Q2,port_export_tonnes,Abbot Point,PCI,0,tonnes
2013-Q3,port_export_tonnes,Abbot Point,PCI,0,tonnes
2013-Q4,port_export_tonnes,Abbot Point,PCI,0,tonnes
2014-Q1,port_export_tonnes,Abbot Point,PCI,0,tonnes
2014-Q2,port_export_tonnes,Abbot Point,PCI,0,tonnes
2014-Q3,port_export_tonnes,Abbot Point,PCI,0,tonnes
2014-Q4,port_export_tonnes,Abbot Point,PCI,0,tonnes
2015-Q1,port_export_tonnes,Abbot Point,PCI,0,tonnes
2015-Q2,port_export_tonnes,Abbot Point,PCI,0,tonnes
2015-Q3,port_export_tonnes,Abbot Point,PCI,0,tonnes
2015-Q4,port_export_tonnes,Abbot Point,PCI,0,tonnes
2016-Q1,port_export_tonnes,Abbot Point,PCI,0,tonnes
2016-Q2,port_export_tonnes,Abbot Point,PCI,0,tonnes
2016-Q3,port_export_tonnes,Abbot Point,PCI,0,tonnes
2016-Q4,port_export_tonnes,Abbot Point,PCI,0,tonnes
2017-Q1,port_export_tonnes,Abbot Point,PCI,0,tonnes
2017-Q2,port_export_tonnes,Abbot Point,PCI,0,tonnes
2017-Q3,port_export_tonnes,Abbot Point,PCI,0,tonnes
2017-Q4,port_export_tonnes,Abbot Point,PCI,0,tonnes
2018-Q1,port_export_tonnes,Abbot Point,PCI,0,tonnes
2018-Q2,port_export_tonnes,Abbot Point,PCI,0,tonnes
2018-Q3,port_export_tonnes,Abbot Point,PCI,0,tonnes
2018-Q4,port_export_tonnes,Abbot Point,PCI,0,tonnes
2019-Q1,port_export_tonnes,Abbot Point,PCI,0,tonnes
2019-Q2,port_export_tonnes,Abbot Point,PCI,0,tonnes
2019-Q3,port_export_tonnes,Abbot Point,PCI,0,tonnes
2019-Q4,port_export_tonnes,Abbot Point,PCI,0,tonnes
2020-Q1,port_export_tonnes,Abbot Point,PCI,0,tonnes
2020-Q2,port_export_tonnes,Abbot Point,PCI,0,tonnes
2020-Q3,port_export_tonnes,Abbot Point,PCI,0,tonnes
2020-Q4,port_export_tonnes,Abbot Point,PCI,0,tonnes
2021-Q1,port_export_tonnes,Abbot Point,PCI,0,tonnes
2021-Q2,port_export_tonnes,Abbot Point,PCI,0,tonnes
2021-Q3,port_export_tonnes,Abbot Point,PCI,0,tonnes
2021-Q4,port_export_tonnes,Abbot Point,PCI,0,tonnes
2022-Q1,port_export_tonnes,Abbot Point,PCI,657461,tonnes
2022-Q2,port_export_tonnes,Abbot Point,PCI,809607,tonnes
2022-Q3,port_export_tonnes,Abbot Point,PCI,743332,tonnes
2022-Q4,port_export_tonnes,Abbot Point,PCI,1448369,tonnes
2023-Q1,port_export_tonnes,Abbot Point,PCI,854439,tonnes
2023-Q2,port_export_tonnes,Abbot Point,PCI,1006407,tonnes
2023-Q3,port_export_tonnes,Abbot Point,PCI,1530280,tonnes
2023-Q4,port_export_tonnes,Abbot Point,PCI,1536002,tonnes
2024-Q1,port_export_tonnes,Abbot Point,PCI,1166958,tonnes
2024-Q2,port_export_tonnes,Abbot Point,PCI,864911,tonnes
2024-Q3,port_export_tonnes,Abbot Point,PCI,1268394,tonnes
2024-Q4,port_export_tonnes,Abbot Point,PCI,1584770,tonnes
2025-Q1,port_export_tonnes,Abbot Point,PCI,1345855,tonnes
2025-Q2,port_export_tonnes,Abbot Point,PCI,1552670,tonnes
2025-Q3,port_export_tonnes,Abbot Point,PCI,1644381,tonnes
2025-Q4,port_export_tonnes,Abbot Point,PCI,1748518,tonnes
2026-Q1,port_export_tonnes,Abbot Point,PCI,1393185,tonnes
2010-Q1,port_export_tonnes,Abbot Point,Semi-Soft Coking Coal,143974,tonnes
2010-Q2,port_export_tonnes,Abbot Point,Semi-Soft Coking Coal,0,tonnes
2010-Q3,port_export_tonnes,Abbot Point,Semi-Soft Coking Coal,34902,tonnes
2010-Q4,port_export_tonnes,Abbot Point,Semi-Soft Coking Coal,15212,tonnes
2011-Q1,port_export_tonnes,Abbot Point,Semi-Soft Coking Coal,0,tonnes
2011-Q2,port_export_tonnes,Abbot Point,Semi-Soft Coking Coal,0,tonnes
2011-Q3,port_export_tonnes,Abbot Point,Semi-Soft Coking Coal,49224,tonnes
2011-Q4,port_export_tonnes,Abbot Point,Semi-Soft Coking Coal,286860,tonnes
2012-Q1,port_export_tonnes,Abbot Point,Semi-Soft Coking Coal,379324,tonnes
2012-Q2,port_export_tonnes,Abbot Point,Semi-Soft Coking Coal,0,tonnes
2012-Q3,port_export_tonnes,Abbot Point,Semi-Soft Coking Coal,32656,tonnes
2012-Q4,port_export_tonnes,Abbot Point,Semi-Soft Coking Coal,505164,tonnes
2013-Q1,port_export_tonnes,Abbot Point,Semi-Soft Coking Coal,217497,tonnes
2013-Q2,port_export_tonnes,Abbot Point,Semi-Soft Coking Coal,304667,tonnes
2013-Q3,port_export_tonnes,Abbot Point,Semi-Soft Coking Coal,769736,tonnes
2013-Q4,port_export_tonnes,Abbot Point,Semi-Soft Coking Coal,694844,tonnes
2014-Q1,port_export_tonnes,Abbot Point,Semi-Soft Coking Coal,384875,tonnes
2014-Q2,port_export_tonnes,Abbot Point,Semi-Soft Coking Coal,537306,tonnes
2014-Q3,port_export_tonnes,Abbot Point,Semi-Soft Coking Coal,788247,tonnes
2014-Q4,port_export_tonnes,Abbot Point,Semi-Soft Coking Coal,601945,tonnes
2015-Q1,port_export_tonnes,Abbot Point,Semi-Soft Coking Coal,516162,tonnes
2015-Q2,port_export_tonnes,Abbot Point,Semi-Soft Coking Coal,561369,tonnes
2015-Q3,port_export_tonnes,Abbot Point,Semi-Soft Coking Coal,472236,tonnes
2015-Q4,port_export_tonnes,Abbot Point,Semi-Soft Coking Coal,971850,tonnes
2016-Q1,port_export_tonnes,Abbot Point,Semi-Soft Coking Coal,1116518,tonnes
2016-Q2,port_export_tonnes,Abbot Point,Semi-Soft Coking Coal,447649,tonnes
2016-Q3,port_export_tonnes,Abbot Point,Semi-Soft Coking Coal,454168,tonnes
2016-Q4,port_export_tonnes,Abbot Point,Semi-Soft Coking Coal,727506,tonnes
2017-Q1,port_export_tonnes,Abbot Point,Semi-Soft Coking Coal,349285,tonnes
2017-Q2,port_export_tonnes,Abbot Point,Semi-Soft Coking Coal,457989,tonnes
2017-Q3,port_export_tonnes,Abbot Point,Semi-Soft Coking Coal,403900,tonnes
2017-Q4,port_export_tonnes,Abbot Point,Semi-Soft Coking Coal,1199632,tonnes
2018-Q1,port_export_tonnes,Abbot Point,Semi-Soft Coking Coal,210685,tonnes
2018-Q2,port_export_tonnes,Abbot Point,Semi-Soft Coking Coal,706002,tonnes
2018-Q3,port_export_tonnes,Abbot Point,Semi-Soft Coking Coal,515776,tonnes
2018-Q4,port_export_tonnes,Abbot Point,Semi-Soft Coking Coal,479360,tonnes
2019-Q1,port_export_tonnes,Abbot Point,Semi-Soft Coking Coal,398366,tonnes
2019-Q2,port_export_tonnes,Abbot Point,Semi-Soft Coking Coal,632226,tonnes
2019-Q3,port_export_tonnes,Abbot Point,Semi-Soft Coking Coal,288034,tonnes
2019-Q4,port_export_tonnes,Abbot Point,Semi-Soft Coking Coal,474774,tonnes
2020-Q1,port_export_tonnes,Abbot Point,Semi-Soft Coking Coal,478867,tonnes
2020-Q2,port_export_tonnes,Abbot Point,Semi-Soft Coking Coal,596060,tonnes
2020-Q3,port_export_tonnes,Abbot Point,Semi-Soft Coking Coal,664267,tonnes
2020-Q4,port_export_tonnes,Abbot Point,Semi-Soft Coking Coal,735396,tonnes
2021-Q1,port_export_tonnes,Abbot Point,Semi-Soft Coking Coal,777592,tonnes
2021-Q2,port_export_tonnes,Abbot Point,Semi-Soft Coking Coal,777394,tonnes
2021-Q3,port_export_tonnes,Abbot Point,Semi-Soft Coking Coal,524913,tonnes
2021-Q4,port_export_tonnes,Abbot Point,Semi-Soft Coking Coal,437045,tonnes
2022-Q1,port_export_tonnes,Abbot Point,Semi-Soft Coking Coal,707504,tonnes
2022-Q2,port_export_tonnes,Abbot Point,Semi-Soft Coking Coal,286410,tonnes
2022-Q3,port_export_tonnes,Abbot Point,Semi-Soft Coking Coal,122143,tonnes
2022-Q4,port_export_tonnes,Abbot Point,Semi-Soft Coking Coal,173638,tonnes
2023-Q1,port_export_tonnes,Abbot Point,Semi-Soft Coking Coal,203052,tonnes
2023-Q2,port_export_tonnes,Abbot Point,Semi-Soft Coking Coal,195500,tonnes
2023-Q3,port_export_tonnes,Abbot Point,Semi-Soft Coking Coal,74603,tonnes
2023-Q4,port_export_tonnes,Abbot Point,Semi-Soft Coking Coal,394624,tonnes
2024-Q1,port_export_tonnes,Abbot Point,Semi-Soft Coking Coal,167554,tonnes
2024-Q2,port_export_tonnes,Abbot Point,Semi-Soft Coking Coal,249296,tonnes
2024-Q3,port_export_tonnes,Abbot Point,Semi-Soft Coking Coal,242277,tonnes
2024-Q4,port_export_tonnes,Abbot Point,Semi-Soft Coking Coal,365542,tonnes
2025-Q1,port_export_tonnes,Abbot Point,Semi-Soft Coking Coal,238187,tonnes
2025-Q2,port_export_tonnes,Abbot Point,Semi-Soft Coking Coal,375390,tonnes
2025-Q3,port_export_tonnes,Abbot Point,Semi-Soft Coking Coal,231360,tonnes
2025-Q4,port_export_tonnes,Abbot Point,Semi-Soft Coking Coal,388447,tonnes
2026-Q1,port_export_tonnes,Abbot Point,Semi-Soft Coking Coal,90770,tonnes
2010-Q1,port_export_tonnes,Abbot Point,Thermal Coal,3582926,tonnes
2010-Q2,port_export_tonnes,Abbot Point,Thermal Coal,3892382,tonnes
2010-Q3,port_export_tonnes,Abbot Point,Thermal Coal,3586038,tonnes
2010-Q4,port_export_tonnes,Abbot Point,Thermal Coal,3269378,tonnes
2011-Q1,port_export_tonnes,Abbot Point,Thermal Coal,2656409,tonnes
2011-Q2,port_export_tonnes,Abbot Point,Thermal Coal,2272611,tonnes
2011-Q3,port_export_tonnes,Abbot Point,Thermal Coal,2832312,tonnes
2011-Q4,port_export_tonnes,Abbot Point,Thermal Coal,2649468,tonnes
2012-Q1,port_export_tonnes,Abbot Point,Thermal Coal,1910290,tonnes
2012-Q2,port_export_tonnes,Abbot Point,Thermal Coal,2679620,tonnes
2012-Q3,port_export_tonnes,Abbot Point,Thermal Coal,3060573,tonnes
2012-Q4,port_export_tonnes,Abbot Point,Thermal Coal,2826122,tonnes
2013-Q1,port_export_tonnes,Abbot Point,Thermal Coal,3033208,tonnes
2013-Q2,port_export_tonnes,Abbot Point,Thermal Coal,2859936,tonnes
2013-Q3,port_export_tonnes,Abbot Point,Thermal Coal,2560679,tonnes
2013-Q4,port_export_tonnes,Abbot Point,Thermal Coal,2662807,tonnes
2014-Q1,port_export_tonnes,Abbot Point,Thermal Coal,2011602,tonnes
2014-Q2,port_export_tonnes,Abbot Point,Thermal Coal,2957764,tonnes
2014-Q3,port_export_tonnes,Abbot Point,Thermal Coal,3798140,tonnes
2014-Q4,port_export_tonnes,Abbot Point,Thermal Coal,3511949,tonnes
2015-Q1,port_export_tonnes,Abbot Point,Thermal Coal,3315729,tonnes
2015-Q2,port_export_tonnes,Abbot Point,Thermal Coal,2858268,tonnes
2015-Q3,port_export_tonnes,Abbot Point,Thermal Coal,3424129,tonnes
2015-Q4,port_export_tonnes,Abbot Point,Thermal Coal,2605862,tonnes
2016-Q1,port_export_tonnes,Abbot Point,Thermal Coal,2602881,tonnes
2016-Q2,port_export_tonnes,Abbot Point,Thermal Coal,2814158,tonnes
2016-Q3,port_export_tonnes,Abbot Point,Thermal Coal,3190196,tonnes
2016-Q4,port_export_tonnes,Abbot Point,Thermal Coal,2720468,tonnes
2017-Q1,port_export_tonnes,Abbot Point,Thermal Coal,2575868,tonnes
2017-Q2,port_export_tonnes,Abbot Point,Thermal Coal,2584865,tonnes
2017-Q3,port_export_tonnes,Abbot Point,Thermal Coal,3134544,tonnes
2017-Q4,port_export_tonnes,Abbot Point,Thermal Coal,3146122,tonnes
2018-Q1,port_export_tonnes,Abbot Point,Thermal Coal,3507533,tonnes
2018-Q2,port_export_tonnes,Abbot Point,Thermal Coal,3675446,tonnes
2018-Q3,port_export_tonnes,Abbot Point,Thermal Coal,4694364,tonnes
2018-Q4,port_export_tonnes,Abbot Point,Thermal Coal,3884841,tonnes
2019-Q1,port_export_tonnes,Abbot Point,Thermal Coal,3068112,tonnes
2019-Q2,port_export_tonnes,Abbot Point,Thermal Coal,3982360,tonnes
2019-Q3,port_export_tonnes,Abbot Point,Thermal Coal,3356208,tonnes
2019-Q4,port_export_tonnes,Abbot Point,Thermal Coal,3787862,tonnes
2020-Q1,port_export_tonnes,Abbot Point,Thermal Coal,3413426,tonnes
2020-Q2,port_export_tonnes,Abbot Point,Thermal Coal,3584485,tonnes
2020-Q3,port_export_tonnes,Abbot Point,Thermal Coal,2578124,tonnes
2020-Q4,port_export_tonnes,Abbot Point,Thermal Coal,2098009,tonnes
2021-Q1,port_export_tonnes,Abbot Point,Thermal Coal,2579354,tonnes
2021-Q2,port_export_tonnes,Abbot Point,Thermal Coal,2761771,tonnes
2021-Q3,port_export_tonnes,Abbot Point,Thermal Coal,2962561,tonnes
2021-Q4,port_export_tonnes,Abbot Point,Thermal Coal,3282336,tonnes
2022-Q1,port_export_tonnes,Abbot Point,Thermal Coal,2906484,tonnes
2022-Q2,port_export_tonnes,Abbot Point,Thermal Coal,3929809,tonnes
2022-Q3,port_export_tonnes,Abbot Point,Thermal Coal,4390418,tonnes
2022-Q4,port_export_tonnes,Abbot Point,Thermal Coal,5055982,tonnes
2023-Q1,port_export_tonnes,Abbot Point,Thermal Coal,4823517,tonnes
2023-Q2,port_export_tonnes,Abbot Point,Thermal Coal,5130406,tonnes
2023-Q3,port_export_tonnes,Abbot Point,Thermal Coal,4939173,tonnes
2023-Q4,port_export_tonnes,Abbot Point,Thermal Coal,5567795,tonnes
2024-Q1,port_export_tonnes,Abbot Point,Thermal Coal,4932850,tonnes
2024-Q2,port_export_tonnes,Abbot Point,Thermal Coal,5017768,tonnes
2024-Q3,port_export_tonnes,Abbot Point,Thermal Coal,6403856,tonnes
2024-Q4,port_export_tonnes,Abbot Point,Thermal Coal,4947247,tonnes
2025-Q1,port_export_tonnes,Abbot Point,Thermal Coal,4569488,tonnes
2025-Q2,port_export_tonnes,Abbot Point,Thermal Coal,4697379,tonnes
2025-Q3,port_export_tonnes,Abbot Point,Thermal Coal,6021357,tonnes
2025-Q4,port_export_tonnes,Abbot Point,Thermal Coal,4953687,tonnes
2026-Q1,port_export_tonnes,Abbot Point,Thermal Coal,4049626,tonnes
2010-Q1,port_export_tonnes,Dalrymple Bay,Hard Coking Coal,7087874,tonnes
2010-Q2,port_export_tonnes,Dalrymple Bay,Hard Coking Coal,10829891,tonnes
2010-Q3,port_export_tonnes,Dalrymple Bay,Hard Coking Coal,9661014,tonnes
2010-Q4,port_export_tonnes,Dalrymple Bay,Hard Coking Coal,9202584,tonnes
2011-Q1,port_export_tonnes,Dalrymple Bay,Hard Coking Coal,6222763,tonnes
2011-Q2,port_export_tonnes,Dalrymple Bay,Hard Coking Coal,8477401,tonnes
2011-Q3,port_export_tonnes,Dalrymple Bay,Hard Coking Coal,7195304,tonnes
2011-Q4,port_export_tonnes,Dalrymple Bay,Hard Coking Coal,7786494,tonnes
2012-Q1,port_export_tonnes,Dalrymple Bay,Hard Coking Coal,6881238,tonnes
2012-Q2,port_export_tonnes,Dalrymple Bay,Hard Coking Coal,7055034,tonnes
2012-Q3,port_export_tonnes,Dalrymple Bay,Hard Coking Coal,8404969,tonnes
2012-Q4,port_export_tonnes,Dalrymple Bay,Hard Coking Coal,9310852,tonnes
2013-Q1,port_export_tonnes,Dalrymple Bay,Hard Coking Coal,8463177,tonnes
2013-Q2,port_export_tonnes,Dalrymple Bay,Hard Coking Coal,9136388,tonnes
2013-Q3,port_export_tonnes,Dalrymple Bay,Hard Coking Coal,9319021,tonnes
2013-Q4,port_export_tonnes,Dalrymple Bay,Hard Coking Coal,10169182,tonnes
2014-Q1,port_export_tonnes,Dalrymple Bay,Hard Coking Coal,8972030,tonnes
2014-Q2,port_export_tonnes,Dalrymple Bay,Hard Coking Coal,9827672,tonnes
2014-Q3,port_export_tonnes,Dalrymple Bay,Hard Coking Coal,9488883,tonnes
2014-Q4,port_export_tonnes,Dalrymple Bay,Hard Coking Coal,11279157,tonnes
2015-Q1,port_export_tonnes,Dalrymple Bay,Hard Coking Coal,9840444,tonnes
2015-Q2,port_export_tonnes,Dalrymple Bay,Hard Coking Coal,10283791,tonnes
2015-Q3,port_export_tonnes,Dalrymple Bay,Hard Coking Coal,9944990,tonnes
2015-Q4,port_export_tonnes,Dalrymple Bay,Hard Coking Coal,8992263,tonnes
2016-Q1,port_export_tonnes,Dalrymple Bay,Hard Coking Coal,8913237,tonnes
2016-Q2,port_export_tonnes,Dalrymple Bay,Hard Coking Coal,10564623,tonnes
2016-Q3,port_export_tonnes,Dalrymple Bay,Hard Coking Coal,10001711,tonnes
2016-Q4,port_export_tonnes,Dalrymple Bay,Hard Coking Coal,10454294,tonnes
2017-Q1,port_export_tonnes,Dalrymple Bay,Hard Coking Coal,9892201,tonnes
2017-Q2,port_export_tonnes,Dalrymple Bay,Hard Coking Coal,6837388,tonnes
2017-Q3,port_export_tonnes,Dalrymple Bay,Hard Coking Coal,11174254,tonnes
2017-Q4,port_export_tonnes,Dalrymple Bay,Hard Coking Coal,9979240,tonnes
2018-Q1,port_export_tonnes,Dalrymple Bay,Hard Coking Coal,10205454,tonnes
2018-Q2,port_export_tonnes,Dalrymple Bay,Hard Coking Coal,9531990,tonnes
2018-Q3,port_export_tonnes,Dalrymple Bay,Hard Coking Coal,8861501,tonnes
2018-Q4,port_export_tonnes,Dalrymple Bay,Hard Coking Coal,10820799,tonnes
2019-Q1,port_export_tonnes,Dalrymple Bay,Hard Coking Coal,9124788,tonnes
2019-Q2,port_export_tonnes,Dalrymple Bay,Hard Coking Coal,10484490,tonnes
2019-Q3,port_export_tonnes,Dalrymple Bay,Hard Coking Coal,9406666,tonnes
2019-Q4,port_export_tonnes,Dalrymple Bay,Hard Coking Coal,8695224,tonnes
2020-Q1,port_export_tonnes,Dalrymple Bay,Hard Coking Coal,5970213,tonnes
2020-Q2,port_export_tonnes,Dalrymple Bay,Hard Coking Coal,8381821,tonnes
2020-Q3,port_export_tonnes,Dalrymple Bay,Hard Coking Coal,8488239,tonnes
2020-Q4,port_export_tonnes,Dalrymple Bay,Hard Coking Coal,8218216,tonnes
2021-Q1,port_export_tonnes,Dalrymple Bay,Hard Coking Coal,6501065,tonnes
2021-Q2,port_export_tonnes,Dalrymple Bay,Hard Coking Coal,6774848,tonnes
2021-Q3,port_export_tonnes,Dalrymple Bay,Hard Coking Coal,7540384,tonnes
2021-Q4,port_export_tonnes,Dalrymple Bay,Hard Coking Coal,8104062,tonnes
2022-Q1,port_export_tonnes,Dalrymple Bay,Hard Coking Coal,5339812,tonnes
2022-Q2,port_export_tonnes,Dalrymple Bay,Hard Coking Coal,5328436,tonnes
2022-Q3,port_export_tonnes,Dalrymple Bay,Hard Coking Coal,7212091,tonnes
2022-Q4,port_export_tonnes,Dalrymple Bay,Hard Coking Coal,5979586,tonnes
2023-Q1,port_export_tonnes,Dalrymple Bay,Hard Coking Coal,5633953,tonnes
2023-Q2,port_export_tonnes,Dalrymple Bay,Hard Coking Coal,6974884,tonnes
2023-Q3,port_export_tonnes,Dalrymple Bay,Hard Coking Coal,4196485,tonnes
2023-Q4,port_export_tonnes,Dalrymple Bay,Hard Coking Coal,6591043,tonnes
2024-Q1,port_export_tonnes,Dalrymple Bay,Hard Coking Coal,4477672,tonnes
2024-Q2,port_export_tonnes,Dalrymple Bay,Hard Coking Coal,6043604,tonnes
2024-Q3,port_export_tonnes,Dalrymple Bay,Hard Coking Coal,7251843,tonnes
2024-Q4,port_export_tonnes,Dalrymple Bay,Hard Coking Coal,6453493,tonnes
2025-Q1,port_export_tonnes,Dalrymple Bay,Hard Coking Coal,4668223,tonnes
2025-Q2,port_export_tonnes,Dalrymple Bay,Hard Coking Coal,6122884,tonnes
2025-Q3,port_export_tonnes,Dalrymple Bay,Hard Coking Coal,4967526,tonnes
2025-Q4,port_export_tonnes,Dalrymple Bay,Hard Coking Coal,6826070,tonnes
2026-Q1,port_export_tonnes,Dalrymple Bay,Hard Coking Coal,5191072,tonnes
2010-Q1,port_export_tonnes,Dalrymple Bay,PCI,0,tonnes
2010-Q2,port_export_tonnes,Dalrymple Bay,PCI,0,tonnes
2010-Q3,port_export_tonnes,Dalrymple Bay,PCI,0,tonnes
2010-Q4,port_export_tonnes,Dalrymple Bay,PCI,0,tonnes
2011-Q1,port_export_tonnes,Dalrymple Bay,PCI,0,tonnes
2011-Q2,port_export_tonnes,Dalrymple Bay,PCI,0,tonnes
2011-Q3,port_export_tonnes,Dalrymple Bay,PCI,0,tonnes
2011-Q4,port_export_tonnes,Dalrymple Bay,PCI,0,tonnes
2012-Q1,port_export_tonnes,Dalrymple Bay,PCI,0,tonnes
2012-Q2,port_export_tonnes,Dalrymple Bay,PCI,0,tonnes
2012-Q3,port_export_tonnes,Dalrymple Bay,PCI,0,tonnes
2012-Q4,port_export_tonnes,Dalrymple Bay,PCI,0,tonnes
2013-Q1,port_export_tonnes,Dalrymple Bay,PCI,0,tonnes
2013-Q2,port_export_tonnes,Dalrymple Bay,PCI,0,tonnes
2013-Q3,port_export_tonnes,Dalrymple Bay,PCI,0,tonnes
2013-Q4,port_export_tonnes,Dalrymple Bay,PCI,0,tonnes
2014-Q1,port_export_tonnes,Dalrymple Bay,PCI,0,tonnes
2014-Q2,port_export_tonnes,Dalrymple Bay,PCI,0,tonnes
2014-Q3,port_export_tonnes,Dalrymple Bay,PCI,0,tonnes
2014-Q4,port_export_tonnes,Dalrymple Bay,PCI,0,tonnes
2015-Q1,port_export_tonnes,Dalrymple Bay,PCI,0,tonnes
2015-Q2,port_export_tonnes,Dalrymple Bay,PCI,0,tonnes
2015-Q3,port_export_tonnes,Dalrymple Bay,PCI,0,tonnes
2015-Q4,port_export_tonnes,Dalrymple Bay,PCI,0,tonnes
2016-Q1,port_export_tonnes,Dalrymple Bay,PCI,0,tonnes
2016-Q2,port_export_tonnes,Dalrymple Bay,PCI,0,tonnes
2016-Q3,port_export_tonnes,Dalrymple Bay,PCI,0,tonnes
2016-Q4,port_export_tonnes,Dalrymple Bay,PCI,0,tonnes
2017-Q1,port_export_tonnes,Dalrymple Bay,PCI,0,tonnes
2017-Q2,port_export_tonnes,Dalrymple Bay,PCI,0,tonnes
2017-Q3,port_export_tonnes,Dalrymple Bay,PCI,0,tonnes
2017-Q4,port_export_tonnes,Dalrymple Bay,PCI,0,tonnes
2018-Q1,port_export_tonnes,Dalrymple Bay,PCI,0,tonnes
2018-Q2,port_export_tonnes,Dalrymple Bay,PCI,0,tonnes
2018-Q3,port_export_tonnes,Dalrymple Bay,PCI,0,tonnes
2018-Q4,port_export_tonnes,Dalrymple Bay,PCI,0,tonnes
2019-Q1,port_export_tonnes,Dalrymple Bay,PCI,0,tonnes
2019-Q2,port_export_tonnes,Dalrymple Bay,PCI,0,tonnes
2019-Q3,port_export_tonnes,Dalrymple Bay,PCI,0,tonnes
2019-Q4,port_export_tonnes,Dalrymple Bay,PCI,0,tonnes
2020-Q1,port_export_tonnes,Dalrymple Bay,PCI,0,tonnes
2020-Q2,port_export_tonnes,Dalrymple Bay,PCI,0,tonnes
2020-Q3,port_export_tonnes,Dalrymple Bay,PCI,0,tonnes
2020-Q4,port_export_tonnes,Dalrymple Bay,PCI,0,tonnes
2021-Q1,port_export_tonnes,Dalrymple Bay,PCI,0,tonnes
2021-Q2,port_export_tonnes,Dalrymple Bay,PCI,0,tonnes
2021-Q3,port_export_tonnes,Dalrymple Bay,PCI,0,tonnes
2021-Q4,port_export_tonnes,Dalrymple Bay,PCI,0,tonnes
2022-Q1,port_export_tonnes,Dalrymple Bay,PCI,2297553,tonnes
2022-Q2,port_export_tonnes,Dalrymple Bay,PCI,3681757,tonnes
2022-Q3,port_export_tonnes,Dalrymple Bay,PCI,3644837,tonnes
2022-Q4,port_export_tonnes,Dalrymple Bay,PCI,3726381,tonnes
2023-Q1,port_export_tonnes,Dalrymple Bay,PCI,2774210,tonnes
2023-Q2,port_export_tonnes,Dalrymple Bay,PCI,4150383,tonnes
2023-Q3,port_export_tonnes,Dalrymple Bay,PCI,3561632,tonnes
2023-Q4,port_export_tonnes,Dalrymple Bay,PCI,4410562,tonnes
2024-Q1,port_export_tonnes,Dalrymple Bay,PCI,3416390,tonnes
2024-Q2,port_export_tonnes,Dalrymple Bay,PCI,4109829,tonnes
2024-Q3,port_export_tonnes,Dalrymple Bay,PCI,4092718,tonnes
2024-Q4,port_export_tonnes,Dalrymple Bay,PCI,3605482,tonnes
2025-Q1,port_export_tonnes,Dalrymple Bay,PCI,3231216,tonnes
2025-Q2,port_export_tonnes,Dalrymple Bay,PCI,3588503,tonnes
2025-Q3,port_export_tonnes,Dalrymple Bay,PCI,4119432,tonnes
2025-Q4,port_export_tonnes,Dalrymple Bay,PCI,4333975,tonnes
2026-Q1,port_export_tonnes,Dalrymple Bay,PCI,3444690,tonnes
2010-Q1,port_export_tonnes,Dalrymple Bay,Semi-Soft Coking Coal,3223952,tonnes
2010-Q2,port_export_tonnes,Dalrymple Bay,Semi-Soft Coking Coal,2986015,tonnes
2010-Q3,port_export_tonnes,Dalrymple Bay,Semi-Soft Coking Coal,3490902,tonnes
2010-Q4,port_export_tonnes,Dalrymple Bay,Semi-Soft Coking Coal,2750271,tonnes
2011-Q1,port_export_tonnes,Dalrymple Bay,Semi-Soft Coking Coal,1320389,tonnes
2011-Q2,port_export_tonnes,Dalrymple Bay,Semi-Soft Coking Coal,1856018,tonnes
2011-Q3,port_export_tonnes,Dalrymple Bay,Semi-Soft Coking Coal,2928892,tonnes
2011-Q4,port_export_tonnes,Dalrymple Bay,Semi-Soft Coking Coal,3435554,tonnes
2012-Q1,port_export_tonnes,Dalrymple Bay,Semi-Soft Coking Coal,3612458,tonnes
2012-Q2,port_export_tonnes,Dalrymple Bay,Semi-Soft Coking Coal,3546865,tonnes
2012-Q3,port_export_tonnes,Dalrymple Bay,Semi-Soft Coking Coal,3086177,tonnes
2012-Q4,port_export_tonnes,Dalrymple Bay,Semi-Soft Coking Coal,4007677,tonnes
2013-Q1,port_export_tonnes,Dalrymple Bay,Semi-Soft Coking Coal,3955217,tonnes
2013-Q2,port_export_tonnes,Dalrymple Bay,Semi-Soft Coking Coal,3790102,tonnes
2013-Q3,port_export_tonnes,Dalrymple Bay,Semi-Soft Coking Coal,3842107,tonnes
2013-Q4,port_export_tonnes,Dalrymple Bay,Semi-Soft Coking Coal,3971870,tonnes
2014-Q1,port_export_tonnes,Dalrymple Bay,Semi-Soft Coking Coal,3270304,tonnes
2014-Q2,port_export_tonnes,Dalrymple Bay,Semi-Soft Coking Coal,4134507,tonnes
2014-Q3,port_export_tonnes,Dalrymple Bay,Semi-Soft Coking Coal,3757552,tonnes
2014-Q4,port_export_tonnes,Dalrymple Bay,Semi-Soft Coking Coal,3898375,tonnes
2015-Q1,port_export_tonnes,Dalrymple Bay,Semi-Soft Coking Coal,3236557,tonnes
2015-Q2,port_export_tonnes,Dalrymple Bay,Semi-Soft Coking Coal,3837407,tonnes
2015-Q3,port_export_tonnes,Dalrymple Bay,Semi-Soft Coking Coal,3379476,tonnes
2015-Q4,port_export_tonnes,Dalrymple Bay,Semi-Soft Coking Coal,3356166,tonnes
2016-Q1,port_export_tonnes,Dalrymple Bay,Semi-Soft Coking Coal,2430572,tonnes
2016-Q2,port_export_tonnes,Dalrymple Bay,Semi-Soft Coking Coal,3231160,tonnes
2016-Q3,port_export_tonnes,Dalrymple Bay,Semi-Soft Coking Coal,3269855,tonnes
2016-Q4,port_export_tonnes,Dalrymple Bay,Semi-Soft Coking Coal,3395707,tonnes
2017-Q1,port_export_tonnes,Dalrymple Bay,Semi-Soft Coking Coal,2454460,tonnes
2017-Q2,port_export_tonnes,Dalrymple Bay,Semi-Soft Coking Coal,2533598,tonnes
2017-Q3,port_export_tonnes,Dalrymple Bay,Semi-Soft Coking Coal,3328481,tonnes
2017-Q4,port_export_tonnes,Dalrymple Bay,Semi-Soft Coking Coal,3576794,tonnes
2018-Q1,port_export_tonnes,Dalrymple Bay,Semi-Soft Coking Coal,3636518,tonnes
2018-Q2,port_export_tonnes,Dalrymple Bay,Semi-Soft Coking Coal,2734533,tonnes
2018-Q3,port_export_tonnes,Dalrymple Bay,Semi-Soft Coking Coal,3469927,tonnes
2018-Q4,port_export_tonnes,Dalrymple Bay,Semi-Soft Coking Coal,3546981,tonnes
2019-Q1,port_export_tonnes,Dalrymple Bay,Semi-Soft Coking Coal,3269239,tonnes
2019-Q2,port_export_tonnes,Dalrymple Bay,Semi-Soft Coking Coal,3160189,tonnes
2019-Q3,port_export_tonnes,Dalrymple Bay,Semi-Soft Coking Coal,3247310,tonnes
2019-Q4,port_export_tonnes,Dalrymple Bay,Semi-Soft Coking Coal,2995643,tonnes
2020-Q1,port_export_tonnes,Dalrymple Bay,Semi-Soft Coking Coal,3223969,tonnes
2020-Q2,port_export_tonnes,Dalrymple Bay,Semi-Soft Coking Coal,2226055,tonnes
2020-Q3,port_export_tonnes,Dalrymple Bay,Semi-Soft Coking Coal,2135137,tonnes
2020-Q4,port_export_tonnes,Dalrymple Bay,Semi-Soft Coking Coal,2979194,tonnes
2021-Q1,port_export_tonnes,Dalrymple Bay,Semi-Soft Coking Coal,2413320,tonnes
2021-Q2,port_export_tonnes,Dalrymple Bay,Semi-Soft Coking Coal,2980248,tonnes
2021-Q3,port_export_tonnes,Dalrymple Bay,Semi-Soft Coking Coal,3167612,tonnes
2021-Q4,port_export_tonnes,Dalrymple Bay,Semi-Soft Coking Coal,2682174,tonnes
2022-Q1,port_export_tonnes,Dalrymple Bay,Semi-Soft Coking Coal,694221,tonnes
2022-Q2,port_export_tonnes,Dalrymple Bay,Semi-Soft Coking Coal,580419,tonnes
2022-Q3,port_export_tonnes,Dalrymple Bay,Semi-Soft Coking Coal,677826,tonnes
2022-Q4,port_export_tonnes,Dalrymple Bay,Semi-Soft Coking Coal,652368,tonnes
2023-Q1,port_export_tonnes,Dalrymple Bay,Semi-Soft Coking Coal,664628,tonnes
2023-Q2,port_export_tonnes,Dalrymple Bay,Semi-Soft Coking Coal,503372,tonnes
2023-Q3,port_export_tonnes,Dalrymple Bay,Semi-Soft Coking Coal,552761,tonnes
2023-Q4,port_export_tonnes,Dalrymple Bay,Semi-Soft Coking Coal,427147,tonnes
2024-Q1,port_export_tonnes,Dalrymple Bay,Semi-Soft Coking Coal,409325,tonnes
2024-Q2,port_export_tonnes,Dalrymple Bay,Semi-Soft Coking Coal,462017,tonnes
2024-Q3,port_export_tonnes,Dalrymple Bay,Semi-Soft Coking Coal,621744,tonnes
2024-Q4,port_export_tonnes,Dalrymple Bay,Semi-Soft Coking Coal,518609,tonnes
2025-Q1,port_export_tonnes,Dalrymple Bay,Semi-Soft Coking Coal,387134,tonnes
2025-Q2,port_export_tonnes,Dalrymple Bay,Semi-Soft Coking Coal,396637,tonnes
2025-Q3,port_export_tonnes,Dalrymple Bay,Semi-Soft Coking Coal,311734,tonnes
2025-Q4,port_export_tonnes,Dalrymple Bay,Semi-Soft Coking Coal,391578,tonnes
2026-Q1,port_export_tonnes,Dalrymple Bay,Semi-Soft Coking Coal,256750,tonnes
2010-Q1,port_export_tonnes,Dalrymple Bay,Thermal Coal,3102618,tonnes
2010-Q2,port_export_tonnes,Dalrymple Bay,Thermal Coal,4139079,tonnes
2010-Q3,port_export_tonnes,Dalrymple Bay,Thermal Coal,3288362,tonnes
2010-Q4,port_export_tonnes,Dalrymple Bay,Thermal Coal,3271691,tonnes
2011-Q1,port_export_tonnes,Dalrymple Bay,Thermal Coal,2295157,tonnes
2011-Q2,port_export_tonnes,Dalrymple Bay,Thermal Coal,2952766,tonnes
2011-Q3,port_export_tonnes,Dalrymple Bay,Thermal Coal,2057675,tonnes
2011-Q4,port_export_tonnes,Dalrymple Bay,Thermal Coal,2738542,tonnes
2012-Q1,port_export_tonnes,Dalrymple Bay,Thermal Coal,1769457,tonnes
2012-Q2,port_export_tonnes,Dalrymple Bay,Thermal Coal,2003694,tonnes
2012-Q3,port_export_tonnes,Dalrymple Bay,Thermal Coal,2590171,tonnes
2012-Q4,port_export_tonnes,Dalrymple Bay,Thermal Coal,3962536,tonnes
2013-Q1,port_export_tonnes,Dalrymple Bay,Thermal Coal,2416886,tonnes
2013-Q2,port_export_tonnes,Dalrymple Bay,Thermal Coal,3250067,tonnes
2013-Q3,port_export_tonnes,Dalrymple Bay,Thermal Coal,3578595,tonnes
2013-Q4,port_export_tonnes,Dalrymple Bay,Thermal Coal,3247424,tonnes
2014-Q1,port_export_tonnes,Dalrymple Bay,Thermal Coal,2565018,tonnes
2014-Q2,port_export_tonnes,Dalrymple Bay,Thermal Coal,4560828,tonnes
2014-Q3,port_export_tonnes,Dalrymple Bay,Thermal Coal,4034054,tonnes
2014-Q4,port_export_tonnes,Dalrymple Bay,Thermal Coal,3551980,tonnes
2015-Q1,port_export_tonnes,Dalrymple Bay,Thermal Coal,3488462,tonnes
2015-Q2,port_export_tonnes,Dalrymple Bay,Thermal Coal,4408835,tonnes
2015-Q3,port_export_tonnes,Dalrymple Bay,Thermal Coal,4249422,tonnes
2015-Q4,port_export_tonnes,Dalrymple Bay,Thermal Coal,4274008,tonnes
2016-Q1,port_export_tonnes,Dalrymple Bay,Thermal Coal,4673992,tonnes
2016-Q2,port_export_tonnes,Dalrymple Bay,Thermal Coal,3743390,tonnes
2016-Q3,port_export_tonnes,Dalrymple Bay,Thermal Coal,4368754,tonnes
2016-Q4,port_export_tonnes,Dalrymple Bay,Thermal Coal,3461987,tonnes
2017-Q1,port_export_tonnes,Dalrymple Bay,Thermal Coal,3587028,tonnes
2017-Q2,port_export_tonnes,Dalrymple Bay,Thermal Coal,3114280,tonnes
2017-Q3,port_export_tonnes,Dalrymple Bay,Thermal Coal,4613548,tonnes
2017-Q4,port_export_tonnes,Dalrymple Bay,Thermal Coal,4297828,tonnes
2018-Q1,port_export_tonnes,Dalrymple Bay,Thermal Coal,4617860,tonnes
2018-Q2,port_export_tonnes,Dalrymple Bay,Thermal Coal,3058270,tonnes
2018-Q3,port_export_tonnes,Dalrymple Bay,Thermal Coal,5076836,tonnes
2018-Q4,port_export_tonnes,Dalrymple Bay,Thermal Coal,4853527,tonnes
2019-Q1,port_export_tonnes,Dalrymple Bay,Thermal Coal,4062891,tonnes
2019-Q2,port_export_tonnes,Dalrymple Bay,Thermal Coal,3956409,tonnes
2019-Q3,port_export_tonnes,Dalrymple Bay,Thermal Coal,3311007,tonnes
2019-Q4,port_export_tonnes,Dalrymple Bay,Thermal Coal,3918592,tonnes
2020-Q1,port_export_tonnes,Dalrymple Bay,Thermal Coal,3987959,tonnes
2020-Q2,port_export_tonnes,Dalrymple Bay,Thermal Coal,3329474,tonnes
2020-Q3,port_export_tonnes,Dalrymple Bay,Thermal Coal,1760249,tonnes
2020-Q4,port_export_tonnes,Dalrymple Bay,Thermal Coal,2436256,tonnes
2021-Q1,port_export_tonnes,Dalrymple Bay,Thermal Coal,2331223,tonnes
2021-Q2,port_export_tonnes,Dalrymple Bay,Thermal Coal,3032316,tonnes
2021-Q3,port_export_tonnes,Dalrymple Bay,Thermal Coal,4526024,tonnes
2021-Q4,port_export_tonnes,Dalrymple Bay,Thermal Coal,3109819,tonnes
2022-Q1,port_export_tonnes,Dalrymple Bay,Thermal Coal,3589995,tonnes
2022-Q2,port_export_tonnes,Dalrymple Bay,Thermal Coal,4147046,tonnes
2022-Q3,port_export_tonnes,Dalrymple Bay,Thermal Coal,2971350,tonnes
2022-Q4,port_export_tonnes,Dalrymple Bay,Thermal Coal,3157044,tonnes
2023-Q1,port_export_tonnes,Dalrymple Bay,Thermal Coal,4094730,tonnes
2023-Q2,port_export_tonnes,Dalrymple Bay,Thermal Coal,4630201,tonnes
2023-Q3,port_export_tonnes,Dalrymple Bay,Thermal Coal,5065535,tonnes
2023-Q4,port_export_tonnes,Dalrymple Bay,Thermal Coal,4364019,tonnes
2024-Q1,port_export_tonnes,Dalrymple Bay,Thermal Coal,3686952,tonnes
2024-Q2,port_export_tonnes,Dalrymple Bay,Thermal Coal,4692842,tonnes
2024-Q3,port_export_tonnes,Dalrymple Bay,Thermal Coal,4313984,tonnes
2024-Q4,port_export_tonnes,Dalrymple Bay,Thermal Coal,5461793,tonnes
2025-Q1,port_export_tonnes,Dalrymple Bay,Thermal Coal,3235673,tonnes
2025-Q2,port_export_tonnes,Dalrymple Bay,Thermal Coal,4465148,tonnes
2025-Q3,port_export_tonnes,Dalrymple Bay,Thermal Coal,5260371,tonnes
2025-Q4,port_export_tonnes,Dalrymple Bay,Thermal Coal,4782584,tonnes
2026-Q1,port_export_tonnes,Dalrymple Bay,Thermal Coal,3122346,tonnes
2010-Q1,port_export_tonnes,Gladstone Port,Hard Coking Coal,5766126,tonnes
2010-Q2,port_export_tonnes,Gladstone Port,Hard Coking Coal,6517561,tonnes
2010-Q3,port_export_tonnes,Gladstone Port,Hard Coking Coal,6710270,tonnes
2010-Q4,port_export_tonnes,Gladstone Port,Hard Coking Coal,7548960,tonnes
2011-Q1,port_export_tonnes,Gladstone Port,Hard Coking Coal,3837401,tonnes
2011-Q2,port_export_tonnes,Gladstone Port,Hard Coking Coal,4526513,tonnes
2011-Q3,port_export_tonnes,Gladstone Port,Hard Coking Coal,6167539,tonnes
2011-Q4,port_export_tonnes,Gladstone Port,Hard Coking Coal,6964807,tonnes
2012-Q1,port_export_tonnes,Gladstone Port,Hard Coking Coal,5229255,tonnes
2012-Q2,port_export_tonnes,Gladstone Port,Hard Coking Coal,5609688,tonnes
2012-Q3,port_export_tonnes,Gladstone Port,Hard Coking Coal,5071010,tonnes
2012-Q4,port_export_tonnes,Gladstone Port,Hard Coking Coal,5238934,tonnes
2013-Q1,port_export_tonnes,Gladstone Port,Hard Coking Coal,3993469,tonnes
2013-Q2,port_export_tonnes,Gladstone Port,Hard Coking Coal,5323029,tonnes
2013-Q3,port_export_tonnes,Gladstone Port,Hard Coking Coal,5121337,tonnes
2013-Q4,port_export_tonnes,Gladstone Port,Hard Coking Coal,6040467,tonnes
2014-Q1,port_export_tonnes,Gladstone Port,Hard Coking Coal,6715004,tonnes
2014-Q2,port_export_tonnes,Gladstone Port,Hard Coking Coal,6860870,tonnes
2014-Q3,port_export_tonnes,Gladstone Port,Hard Coking Coal,5790740,tonnes
2014-Q4,port_export_tonnes,Gladstone Port,Hard Coking Coal,5794374,tonnes
2015-Q1,port_export_tonnes,Gladstone Port,Hard Coking Coal,5547133,tonnes
2015-Q2,port_export_tonnes,Gladstone Port,Hard Coking Coal,6397687,tonnes
2015-Q3,port_export_tonnes,Gladstone Port,Hard Coking Coal,6302124,tonnes
2015-Q4,port_export_tonnes,Gladstone Port,Hard Coking Coal,6890661,tonnes
2016-Q1,port_export_tonnes,Gladstone Port,Hard Coking Coal,5033483,tonnes
2016-Q2,port_export_tonnes,Gladstone Port,Hard Coking Coal,4999971,tonnes
2016-Q3,port_export_tonnes,Gladstone Port,Hard Coking Coal,5259631,tonnes
2016-Q4,port_export_tonnes,Gladstone Port,Hard Coking Coal,5007784,tonnes
2017-Q1,port_export_tonnes,Gladstone Port,Hard Coking Coal,5180142,tonnes
2017-Q2,port_export_tonnes,Gladstone Port,Hard Coking Coal,5737465,tonnes
2017-Q3,port_export_tonnes,Gladstone Port,Hard Coking Coal,5890900,tonnes
2017-Q4,port_export_tonnes,Gladstone Port,Hard Coking Coal,4981192,tonnes
2018-Q1,port_export_tonnes,Gladstone Port,Hard Coking Coal,4418256,tonnes
2018-Q2,port_export_tonnes,Gladstone Port,Hard Coking Coal,5866142,tonnes
2018-Q3,port_export_tonnes,Gladstone Port,Hard Coking Coal,5305200,tonnes
2018-Q4,port_export_tonnes,Gladstone Port,Hard Coking Coal,5918020,tonnes
2019-Q1,port_export_tonnes,Gladstone Port,Hard Coking Coal,5713929,tonnes
2019-Q2,port_export_tonnes,Gladstone Port,Hard Coking Coal,5620125,tonnes
2019-Q3,port_export_tonnes,Gladstone Port,Hard Coking Coal,5212689,tonnes
2019-Q4,port_export_tonnes,Gladstone Port,Hard Coking Coal,5657589,tonnes
2020-Q1,port_export_tonnes,Gladstone Port,Hard Coking Coal,6285072,tonnes
2020-Q2,port_export_tonnes,Gladstone Port,Hard Coking Coal,5874022,tonnes
2020-Q3,port_export_tonnes,Gladstone Port,Hard Coking Coal,5912148,tonnes
2020-Q4,port_export_tonnes,Gladstone Port,Hard Coking Coal,6425115,tonnes
2021-Q1,port_export_tonnes,Gladstone Port,Hard Coking Coal,4780809,tonnes
2021-Q2,port_export_tonnes,Gladstone Port,Hard Coking Coal,5859921,tonnes
2021-Q3,port_export_tonnes,Gladstone Port,Hard Coking Coal,6374424,tonnes
2021-Q4,port_export_tonnes,Gladstone Port,Hard Coking Coal,5828189,tonnes
2022-Q1,port_export_tonnes,Gladstone Port,Hard Coking Coal,5246694,tonnes
2022-Q2,port_export_tonnes,Gladstone Port,Hard Coking Coal,4662346,tonnes
2022-Q3,port_export_tonnes,Gladstone Port,Hard Coking Coal,4611726,tonnes
2022-Q4,port_export_tonnes,Gladstone Port,Hard Coking Coal,4832279,tonnes
2023-Q1,port_export_tonnes,Gladstone Port,Hard Coking Coal,3978003,tonnes
2023-Q2,port_export_tonnes,Gladstone Port,Hard Coking Coal,4456161,tonnes
2023-Q3,port_export_tonnes,Gladstone Port,Hard Coking Coal,6393022,tonnes
2023-Q4,port_export_tonnes,Gladstone Port,Hard Coking Coal,5730673,tonnes
2024-Q1,port_export_tonnes,Gladstone Port,Hard Coking Coal,5370391,tonnes
2024-Q2,port_export_tonnes,Gladstone Port,Hard Coking Coal,5620814,tonnes
2024-Q3,port_export_tonnes,Gladstone Port,Hard Coking Coal,4938322,tonnes
2024-Q4,port_export_tonnes,Gladstone Port,Hard Coking Coal,5692761,tonnes
2025-Q1,port_export_tonnes,Gladstone Port,Hard Coking Coal,4376258,tonnes
2025-Q2,port_export_tonnes,Gladstone Port,Hard Coking Coal,5180654,tonnes
2025-Q3,port_export_tonnes,Gladstone Port,Hard Coking Coal,5308929,tonnes
2025-Q4,port_export_tonnes,Gladstone Port,Hard Coking Coal,5961995,tonnes
2026-Q1,port_export_tonnes,Gladstone Port,Hard Coking Coal,4474307,tonnes
2010-Q1,port_export_tonnes,Gladstone Port,PCI,0,tonnes
2010-Q2,port_export_tonnes,Gladstone Port,PCI,0,tonnes
2010-Q3,port_export_tonnes,Gladstone Port,PCI,0,tonnes
2010-Q4,port_export_tonnes,Gladstone Port,PCI,0,tonnes
2011-Q1,port_export_tonnes,Gladstone Port,PCI,0,tonnes
2011-Q2,port_export_tonnes,Gladstone Port,PCI,0,tonnes
2011-Q3,port_export_tonnes,Gladstone Port,PCI,0,tonnes
2011-Q4,port_export_tonnes,Gladstone Port,PCI,0,tonnes
2012-Q1,port_export_tonnes,Gladstone Port,PCI,0,tonnes
2012-Q2,port_export_tonnes,Gladstone Port,PCI,0,tonnes
2012-Q3,port_export_tonnes,Gladstone Port,PCI,0,tonnes
2012-Q4,port_export_tonnes,Gladstone Port,PCI,0,tonnes
2013-Q1,port_export_tonnes,Gladstone Port,PCI,0,tonnes
2013-Q2,port_export_tonnes,Gladstone Port,PCI,0,tonnes
2013-Q3,port_export_tonnes,Gladstone Port,PCI,0,tonnes
2013-Q4,port_export_tonnes,Gladstone Port,PCI,0,tonnes
2014-Q1,port_export_tonnes,Gladstone Port,PCI,0,tonnes
2014-Q2,port_export_tonnes,Gladstone Port,PCI,0,tonnes
2014-Q3,port_export_tonnes,Gladstone Port,PCI,0,tonnes
2014-Q4,port_export_tonnes,Gladstone Port,PCI,0,tonnes
2015-Q1,port_export_tonnes,Gladstone Port,PCI,0,tonnes
2015-Q2,port_export_tonnes,Gladstone Port,PCI,0,tonnes
2015-Q3,port_export_tonnes,Gladstone Port,PCI,0,tonnes
2015-Q4,port_export_tonnes,Gladstone Port,PCI,0,tonnes
2016-Q1,port_export_tonnes,Gladstone Port,PCI,0,tonnes
2016-Q2,port_export_tonnes,Gladstone Port,PCI,0,tonnes
2016-Q3,port_export_tonnes,Gladstone Port,PCI,0,tonnes
2016-Q4,port_export_tonnes,Gladstone Port,PCI,0,tonnes
2017-Q1,port_export_tonnes,Gladstone Port,PCI,0,tonnes
2017-Q2,port_export_tonnes,Gladstone Port,PCI,0,tonnes
2017-Q3,port_export_tonnes,Gladstone Port,PCI,0,tonnes
2017-Q4,port_export_tonnes,Gladstone Port,PCI,0,tonnes
2018-Q1,port_export_tonnes,Gladstone Port,PCI,0,tonnes
2018-Q2,port_export_tonnes,Gladstone Port,PCI,0,tonnes
2018-Q3,port_export_tonnes,Gladstone Port,PCI,0,tonnes
2018-Q4,port_export_tonnes,Gladstone Port,PCI,0,tonnes
2019-Q1,port_export_tonnes,Gladstone Port,PCI,0,tonnes
2019-Q2,port_export_tonnes,Gladstone Port,PCI,0,tonnes
2019-Q3,port_export_tonnes,Gladstone Port,PCI,0,tonnes
2019-Q4,port_export_tonnes,Gladstone Port,PCI,0,tonnes
2020-Q1,port_export_tonnes,Gladstone Port,PCI,0,tonnes
2020-Q2,port_export_tonnes,Gladstone Port,PCI,0,tonnes
2020-Q3,port_export_tonnes,Gladstone Port,PCI,0,tonnes
2020-Q4,port_export_tonnes,Gladstone Port,PCI,0,tonnes
2021-Q1,port_export_tonnes,Gladstone Port,PCI,0,tonnes
2021-Q2,port_export_tonnes,Gladstone Port,PCI,0,tonnes
2021-Q3,port_export_tonnes,Gladstone Port,PCI,0,tonnes
2021-Q4,port_export_tonnes,Gladstone Port,PCI,0,tonnes
2022-Q1,port_export_tonnes,Gladstone Port,PCI,2883822,tonnes
2022-Q2,port_export_tonnes,Gladstone Port,PCI,3449223,tonnes
2022-Q3,port_export_tonnes,Gladstone Port,PCI,2646058,tonnes
2022-Q4,port_export_tonnes,Gladstone Port,PCI,3056735,tonnes
2023-Q1,port_export_tonnes,Gladstone Port,PCI,2715766,tonnes
2023-Q2,port_export_tonnes,Gladstone Port,PCI,3300191,tonnes
2023-Q3,port_export_tonnes,Gladstone Port,PCI,3536783,tonnes
2023-Q4,port_export_tonnes,Gladstone Port,PCI,3412189,tonnes
2024-Q1,port_export_tonnes,Gladstone Port,PCI,3737955,tonnes
2024-Q2,port_export_tonnes,Gladstone Port,PCI,3559480,tonnes
2024-Q3,port_export_tonnes,Gladstone Port,PCI,3445714,tonnes
2024-Q4,port_export_tonnes,Gladstone Port,PCI,3730353,tonnes
2025-Q1,port_export_tonnes,Gladstone Port,PCI,3279437,tonnes
2025-Q2,port_export_tonnes,Gladstone Port,PCI,3450269,tonnes
2025-Q3,port_export_tonnes,Gladstone Port,PCI,4054692,tonnes
2025-Q4,port_export_tonnes,Gladstone Port,PCI,3486317,tonnes
2026-Q1,port_export_tonnes,Gladstone Port,PCI,3344455,tonnes
2010-Q1,port_export_tonnes,Gladstone Port,Semi-Soft Coking Coal,3981273,tonnes
2010-Q2,port_export_tonnes,Gladstone Port,Semi-Soft Coking Coal,3782578,tonnes
2010-Q3,port_export_tonnes,Gladstone Port,Semi-Soft Coking Coal,4025201,tonnes
2010-Q4,port_export_tonnes,Gladstone Port,Semi-Soft Coking Coal,3800937,tonnes
2011-Q1,port_export_tonnes,Gladstone Port,Semi-Soft Coking Coal,3229078,tonnes
2011-Q2,port_export_tonnes,Gladstone Port,Semi-Soft Coking Coal,3639315,tonnes
2011-Q3,port_export_tonnes,Gladstone Port,Semi-Soft Coking Coal,3624509,tonnes
2011-Q4,port_export_tonnes,Gladstone Port,Semi-Soft Coking Coal,4217361,tonnes
2012-Q1,port_export_tonnes,Gladstone Port,Semi-Soft Coking Coal,4115378,tonnes
2012-Q2,port_export_tonnes,Gladstone Port,Semi-Soft Coking Coal,4361849,tonnes
2012-Q3,port_export_tonnes,Gladstone Port,Semi-Soft Coking Coal,4664454,tonnes
2012-Q4,port_export_tonnes,Gladstone Port,Semi-Soft Coking Coal,4906969,tonnes
2013-Q1,port_export_tonnes,Gladstone Port,Semi-Soft Coking Coal,4015255,tonnes
2013-Q2,port_export_tonnes,Gladstone Port,Semi-Soft Coking Coal,5445639,tonnes
2013-Q3,port_export_tonnes,Gladstone Port,Semi-Soft Coking Coal,5544516,tonnes
2013-Q4,port_export_tonnes,Gladstone Port,Semi-Soft Coking Coal,5649807,tonnes
2014-Q1,port_export_tonnes,Gladstone Port,Semi-Soft Coking Coal,5292229,tonnes
2014-Q2,port_export_tonnes,Gladstone Port,Semi-Soft Coking Coal,5714715,tonnes
2014-Q3,port_export_tonnes,Gladstone Port,Semi-Soft Coking Coal,6763524,tonnes
2014-Q4,port_export_tonnes,Gladstone Port,Semi-Soft Coking Coal,6052796,tonnes
2015-Q1,port_export_tonnes,Gladstone Port,Semi-Soft Coking Coal,4692805,tonnes
2015-Q2,port_export_tonnes,Gladstone Port,Semi-Soft Coking Coal,5227377,tonnes
2015-Q3,port_export_tonnes,Gladstone Port,Semi-Soft Coking Coal,6494073,tonnes
2015-Q4,port_export_tonnes,Gladstone Port,Semi-Soft Coking Coal,6772592,tonnes
2016-Q1,port_export_tonnes,Gladstone Port,Semi-Soft Coking Coal,5206514,tonnes
2016-Q2,port_export_tonnes,Gladstone Port,Semi-Soft Coking Coal,6029123,tonnes
2016-Q3,port_export_tonnes,Gladstone Port,Semi-Soft Coking Coal,5231800,tonnes
2016-Q4,port_export_tonnes,Gladstone Port,Semi-Soft Coking Coal,6461489,tonnes
2017-Q1,port_export_tonnes,Gladstone Port,Semi-Soft Coking Coal,5262768,tonnes
2017-Q2,port_export_tonnes,Gladstone Port,Semi-Soft Coking Coal,5010692,tonnes
2017-Q3,port_export_tonnes,Gladstone Port,Semi-Soft Coking Coal,5450573,tonnes
2017-Q4,port_export_tonnes,Gladstone Port,Semi-Soft Coking Coal,5536167,tonnes
2018-Q1,port_export_tonnes,Gladstone Port,Semi-Soft Coking Coal,4532135,tonnes
2018-Q2,port_export_tonnes,Gladstone Port,Semi-Soft Coking Coal,5395939,tonnes
2018-Q3,port_export_tonnes,Gladstone Port,Semi-Soft Coking Coal,4687842,tonnes
2018-Q4,port_export_tonnes,Gladstone Port,Semi-Soft Coking Coal,5478899,tonnes
2019-Q1,port_export_tonnes,Gladstone Port,Semi-Soft Coking Coal,5435456,tonnes
2019-Q2,port_export_tonnes,Gladstone Port,Semi-Soft Coking Coal,6388171,tonnes
2019-Q3,port_export_tonnes,Gladstone Port,Semi-Soft Coking Coal,5248643,tonnes
2019-Q4,port_export_tonnes,Gladstone Port,Semi-Soft Coking Coal,4860284,tonnes
2020-Q1,port_export_tonnes,Gladstone Port,Semi-Soft Coking Coal,4679496,tonnes
2020-Q2,port_export_tonnes,Gladstone Port,Semi-Soft Coking Coal,4756466,tonnes
2020-Q3,port_export_tonnes,Gladstone Port,Semi-Soft Coking Coal,5786191,tonnes
2020-Q4,port_export_tonnes,Gladstone Port,Semi-Soft Coking Coal,5226918,tonnes
2021-Q1,port_export_tonnes,Gladstone Port,Semi-Soft Coking Coal,6440903,tonnes
2021-Q2,port_export_tonnes,Gladstone Port,Semi-Soft Coking Coal,4988916,tonnes
2021-Q3,port_export_tonnes,Gladstone Port,Semi-Soft Coking Coal,4221112,tonnes
2021-Q4,port_export_tonnes,Gladstone Port,Semi-Soft Coking Coal,4170684,tonnes
2022-Q1,port_export_tonnes,Gladstone Port,Semi-Soft Coking Coal,1810609,tonnes
2022-Q2,port_export_tonnes,Gladstone Port,Semi-Soft Coking Coal,2210344,tonnes
2022-Q3,port_export_tonnes,Gladstone Port,Semi-Soft Coking Coal,1826372,tonnes
2022-Q4,port_export_tonnes,Gladstone Port,Semi-Soft Coking Coal,1934005,tonnes
2023-Q1,port_export_tonnes,Gladstone Port,Semi-Soft Coking Coal,1414170,tonnes
2023-Q2,port_export_tonnes,Gladstone Port,Semi-Soft Coking Coal,2351022,tonnes
2023-Q3,port_export_tonnes,Gladstone Port,Semi-Soft Coking Coal,1256565,tonnes
2023-Q4,port_export_tonnes,Gladstone Port,Semi-Soft Coking Coal,1800194,tonnes
2024-Q1,port_export_tonnes,Gladstone Port,Semi-Soft Coking Coal,2026141,tonnes
2024-Q2,port_export_tonnes,Gladstone Port,Semi-Soft Coking Coal,2003090,tonnes
2024-Q3,port_export_tonnes,Gladstone Port,Semi-Soft Coking Coal,1554106,tonnes
2024-Q4,port_export_tonnes,Gladstone Port,Semi-Soft Coking Coal,1692649,tonnes
2025-Q1,port_export_tonnes,Gladstone Port,Semi-Soft Coking Coal,1472922,tonnes
2025-Q2,port_export_tonnes,Gladstone Port,Semi-Soft Coking Coal,1652336,tonnes
2025-Q3,port_export_tonnes,Gladstone Port,Semi-Soft Coking Coal,1784305,tonnes
2025-Q4,port_export_tonnes,Gladstone Port,Semi-Soft Coking Coal,1708998,tonnes
2026-Q1,port_export_tonnes,Gladstone Port,Semi-Soft Coking Coal,1763506,tonnes
2010-Q1,port_export_tonnes,Gladstone Port,Thermal Coal,4708818,tonnes
2010-Q2,port_export_tonnes,Gladstone Port,Thermal Coal,4706462,tonnes
2010-Q3,port_export_tonnes,Gladstone Port,Thermal Coal,5640436,tonnes
2010-Q4,port_export_tonnes,Gladstone Port,Thermal Coal,4333059,tonnes
2011-Q1,port_export_tonnes,Gladstone Port,Thermal Coal,1755831,tonnes
2011-Q2,port_export_tonnes,Gladstone Port,Thermal Coal,4067666,tonnes
2011-Q3,port_export_tonnes,Gladstone Port,Thermal Coal,4988168,tonnes
2011-Q4,port_export_tonnes,Gladstone Port,Thermal Coal,5504107,tonnes
2012-Q1,port_export_tonnes,Gladstone Port,Thermal Coal,4303177,tonnes
2012-Q2,port_export_tonnes,Gladstone Port,Thermal Coal,4314818,tonnes
2012-Q3,port_export_tonnes,Gladstone Port,Thermal Coal,3951558,tonnes
2012-Q4,port_export_tonnes,Gladstone Port,Thermal Coal,5636708,tonnes
2013-Q1,port_export_tonnes,Gladstone Port,Thermal Coal,4034911,tonnes
2013-Q2,port_export_tonnes,Gladstone Port,Thermal Coal,4966936,tonnes
2013-Q3,port_export_tonnes,Gladstone Port,Thermal Coal,5773749,tonnes
2013-Q4,port_export_tonnes,Gladstone Port,Thermal Coal,6751153,tonnes
2014-Q1,port_export_tonnes,Gladstone Port,Thermal Coal,5191859,tonnes
2014-Q2,port_export_tonnes,Gladstone Port,Thermal Coal,4814566,tonnes
2014-Q3,port_export_tonnes,Gladstone Port,Thermal Coal,4892849,tonnes
2014-Q4,port_export_tonnes,Gladstone Port,Thermal Coal,5770952,tonnes
2015-Q1,port_export_tonnes,Gladstone Port,Thermal Coal,4241036,tonnes
2015-Q2,port_export_tonnes,Gladstone Port,Thermal Coal,6518359,tonnes
2015-Q3,port_export_tonnes,Gladstone Port,Thermal Coal,5915009,tonnes
2015-Q4,port_export_tonnes,Gladstone Port,Thermal Coal,5976102,tonnes
2016-Q1,port_export_tonnes,Gladstone Port,Thermal Coal,6164277,tonnes
2016-Q2,port_export_tonnes,Gladstone Port,Thermal Coal,6510538,tonnes
2016-Q3,port_export_tonnes,Gladstone Port,Thermal Coal,6765131,tonnes
2016-Q4,port_export_tonnes,Gladstone Port,Thermal Coal,7080448,tonnes
2017-Q1,port_export_tonnes,Gladstone Port,Thermal Coal,5864172,tonnes
2017-Q2,port_export_tonnes,Gladstone Port,Thermal Coal,5310016,tonnes
2017-Q3,port_export_tonnes,Gladstone Port,Thermal Coal,6211675,tonnes
2017-Q4,port_export_tonnes,Gladstone Port,Thermal Coal,6829291,tonnes
2018-Q1,port_export_tonnes,Gladstone Port,Thermal Coal,5630107,tonnes
2018-Q2,port_export_tonnes,Gladstone Port,Thermal Coal,5851093,tonnes
2018-Q3,port_export_tonnes,Gladstone Port,Thermal Coal,6777777,tonnes
2018-Q4,port_export_tonnes,Gladstone Port,Thermal Coal,7177955,tonnes
2019-Q1,port_export_tonnes,Gladstone Port,Thermal Coal,5976525,tonnes
2019-Q2,port_export_tonnes,Gladstone Port,Thermal Coal,6401605,tonnes
2019-Q3,port_export_tonnes,Gladstone Port,Thermal Coal,7131701,tonnes
2019-Q4,port_export_tonnes,Gladstone Port,Thermal Coal,6024602,tonnes
2020-Q1,port_export_tonnes,Gladstone Port,Thermal Coal,6761026,tonnes
2020-Q2,port_export_tonnes,Gladstone Port,Thermal Coal,6655804,tonnes
2020-Q3,port_export_tonnes,Gladstone Port,Thermal Coal,5090663,tonnes
2020-Q4,port_export_tonnes,Gladstone Port,Thermal Coal,6422566,tonnes
2021-Q1,port_export_tonnes,Gladstone Port,Thermal Coal,5339798,tonnes
2021-Q2,port_export_tonnes,Gladstone Port,Thermal Coal,6310793,tonnes
2021-Q3,port_export_tonnes,Gladstone Port,Thermal Coal,6595410,tonnes
2021-Q4,port_export_tonnes,Gladstone Port,Thermal Coal,4691631,tonnes
2022-Q1,port_export_tonnes,Gladstone Port,Thermal Coal,5283297,tonnes
2022-Q2,port_export_tonnes,Gladstone Port,Thermal Coal,5456247,tonnes
2022-Q3,port_export_tonnes,Gladstone Port,Thermal Coal,5164490,tonnes
2022-Q4,port_export_tonnes,Gladstone Port,Thermal Coal,5416779,tonnes
2023-Q1,port_export_tonnes,Gladstone Port,Thermal Coal,5223482,tonnes
2023-Q2,port_export_tonnes,Gladstone Port,Thermal Coal,5952532,tonnes
2023-Q3,port_export_tonnes,Gladstone Port,Thermal Coal,6776895,tonnes
2023-Q4,port_export_tonnes,Gladstone Port,Thermal Coal,6410398,tonnes
2024-Q1,port_export_tonnes,Gladstone Port,Thermal Coal,5637885,tonnes
2024-Q2,port_export_tonnes,Gladstone Port,Thermal Coal,5803770,tonnes
2024-Q3,port_export_tonnes,Gladstone Port,Thermal Coal,5545928,tonnes
2024-Q4,port_export_tonnes,Gladstone Port,Thermal Coal,6867208,tonnes
2025-Q1,port_export_tonnes,Gladstone Port,Thermal Coal,5216795,tonnes
2025-Q2,port_export_tonnes,Gladstone Port,Thermal Coal,5268991,tonnes
2025-Q3,port_export_tonnes,Gladstone Port,Thermal Coal,6384743,tonnes
2025-Q4,port_export_tonnes,Gladstone Port,Thermal Coal,7197755,tonnes
2026-Q1,port_export_tonnes,Gladstone Port,Thermal Coal,5695011,tonnes
2010-Q1,port_export_tonnes,Hay Point,Hard Coking Coal,5989174,tonnes
2010-Q2,port_export_tonnes,Hay Point,Hard Coking Coal,8752368,tonnes
2010-Q3,port_export_tonnes,Hay Point,Hard Coking Coal,7631498,tonnes
2010-Q4,port_export_tonnes,Hay Point,Hard Coking Coal,7438612,tonnes
2011-Q1,port_export_tonnes,Hay Point,Hard Coking Coal,5295122,tonnes
2011-Q2,port_export_tonnes,Hay Point,Hard Coking Coal,7493474,tonnes
2011-Q3,port_export_tonnes,Hay Point,Hard Coking Coal,7539559,tonnes
2011-Q4,port_export_tonnes,Hay Point,Hard Coking Coal,6900572,tonnes
2012-Q1,port_export_tonnes,Hay Point,Hard Coking Coal,6802709,tonnes
2012-Q2,port_export_tonnes,Hay Point,Hard Coking Coal,6289680,tonnes
2012-Q3,port_export_tonnes,Hay Point,Hard Coking Coal,5281520,tonnes
2012-Q4,port_export_tonnes,Hay Point,Hard Coking Coal,7500801,tonnes
2013-Q1,port_export_tonnes,Hay Point,Hard Coking Coal,6948643,tonnes
2013-Q2,port_export_tonnes,Hay Point,Hard Coking Coal,8116354,tonnes
2013-Q3,port_export_tonnes,Hay Point,Hard Coking Coal,7853538,tonnes
2013-Q4,port_export_tonnes,Hay Point,Hard Coking Coal,8488824,tonnes
2014-Q1,port_export_tonnes,Hay Point,Hard Coking Coal,7440817,tonnes
2014-Q2,port_export_tonnes,Hay Point,Hard Coking Coal,9024057,tonnes
2014-Q3,port_export_tonnes,Hay Point,Hard Coking Coal,7651547,tonnes
2014-Q4,port_export_tonnes,Hay Point,Hard Coking Coal,10028221,tonnes
2015-Q1,port_export_tonnes,Hay Point,Hard Coking Coal,8792638,tonnes
2015-Q2,port_export_tonnes,Hay Point,Hard Coking Coal,8193430,tonnes
2015-Q3,port_export_tonnes,Hay Point,Hard Coking Coal,8565812,tonnes
2015-Q4,port_export_tonnes,Hay Point,Hard Coking Coal,10598104,tonnes
2016-Q1,port_export_tonnes,Hay Point,Hard Coking Coal,10290162,tonnes
2016-Q2,port_export_tonnes,Hay Point,Hard Coking Coal,10217388,tonnes
2016-Q3,port_export_tonnes,Hay Point,Hard Coking Coal,10176206,tonnes
2016-Q4,port_export_tonnes,Hay Point,Hard Coking Coal,10519872,tonnes
2017-Q1,port_export_tonnes,Hay Point,Hard Coking Coal,8892985,tonnes
2017-Q2,port_export_tonnes,Hay Point,Hard Coking Coal,6781721,tonnes
2017-Q3,port_export_tonnes,Hay Point,Hard Coking Coal,10510911,tonnes
2017-Q4,port_export_tonnes,Hay Point,Hard Coking Coal,9418004,tonnes
2018-Q1,port_export_tonnes,Hay Point,Hard Coking Coal,10465491,tonnes
2018-Q2,port_export_tonnes,Hay Point,Hard Coking Coal,11511872,tonnes
2018-Q3,port_export_tonnes,Hay Point,Hard Coking Coal,10022242,tonnes
2018-Q4,port_export_tonnes,Hay Point,Hard Coking Coal,9802176,tonnes
2019-Q1,port_export_tonnes,Hay Point,Hard Coking Coal,8952934,tonnes
2019-Q2,port_export_tonnes,Hay Point,Hard Coking Coal,11224548,tonnes
2019-Q3,port_export_tonnes,Hay Point,Hard Coking Coal,10026904,tonnes
2019-Q4,port_export_tonnes,Hay Point,Hard Coking Coal,12130091,tonnes
2020-Q1,port_export_tonnes,Hay Point,Hard Coking Coal,11303590,tonnes
2020-Q2,port_export_tonnes,Hay Point,Hard Coking Coal,11098130,tonnes
2020-Q3,port_export_tonnes,Hay Point,Hard Coking Coal,9273857,tonnes
2020-Q4,port_export_tonnes,Hay Point,Hard Coking Coal,9325117,tonnes
2021-Q1,port_export_tonnes,Hay Point,Hard Coking Coal,9716131,tonnes
2021-Q2,port_export_tonnes,Hay Point,Hard Coking Coal,10708703,tonnes
2021-Q3,port_export_tonnes,Hay Point,Hard Coking Coal,8216052,tonnes
2021-Q4,port_export_tonnes,Hay Point,Hard Coking Coal,7175251,tonnes
2022-Q1,port_export_tonnes,Hay Point,Hard Coking Coal,9462428,tonnes
2022-Q2,port_export_tonnes,Hay Point,Hard Coking Coal,11421320,tonnes
2022-Q3,port_export_tonnes,Hay Point,Hard Coking Coal,9636559,tonnes
2022-Q4,port_export_tonnes,Hay Point,Hard Coking Coal,10512266,tonnes
2023-Q1,port_export_tonnes,Hay Point,Hard Coking Coal,8931582,tonnes
2023-Q2,port_export_tonnes,Hay Point,Hard Coking Coal,11681186,tonnes
2023-Q3,port_export_tonnes,Hay Point,Hard Coking Coal,7962145,tonnes
2023-Q4,port_export_tonnes,Hay Point,Hard Coking Coal,7868865,tonnes
2024-Q1,port_export_tonnes,Hay Point,Hard Coking Coal,9144437,tonnes
2024-Q2,port_export_tonnes,Hay Point,Hard Coking Coal,9656530,tonnes
2024-Q3,port_export_tonnes,Hay Point,Hard Coking Coal,8545341,tonnes
2024-Q4,port_export_tonnes,Hay Point,Hard Coking Coal,9389734,tonnes
2025-Q1,port_export_tonnes,Hay Point,Hard Coking Coal,7417730,tonnes
2025-Q2,port_export_tonnes,Hay Point,Hard Coking Coal,9717158,tonnes
2025-Q3,port_export_tonnes,Hay Point,Hard Coking Coal,8855054,tonnes
2025-Q4,port_export_tonnes,Hay Point,Hard Coking Coal,8605201,tonnes
2026-Q1,port_export_tonnes,Hay Point,Hard Coking Coal,7683958,tonnes
2010-Q1,port_export_tonnes,Hay Point,PCI,0,tonnes
2010-Q2,port_export_tonnes,Hay Point,PCI,0,tonnes
2010-Q3,port_export_tonnes,Hay Point,PCI,0,tonnes
2010-Q4,port_export_tonnes,Hay Point,PCI,0,tonnes
2011-Q1,port_export_tonnes,Hay Point,PCI,0,tonnes
2011-Q2,port_export_tonnes,Hay Point,PCI,0,tonnes
2011-Q3,port_export_tonnes,Hay Point,PCI,0,tonnes
2011-Q4,port_export_tonnes,Hay Point,PCI,0,tonnes
2012-Q1,port_export_tonnes,Hay Point,PCI,0,tonnes
2012-Q2,port_export_tonnes,Hay Point,PCI,0,tonnes
2012-Q3,port_export_tonnes,Hay Point,PCI,0,tonnes
2012-Q4,port_export_tonnes,Hay Point,PCI,0,tonnes
2013-Q1,port_export_tonnes,Hay Point,PCI,0,tonnes
2013-Q2,port_export_tonnes,Hay Point,PCI,0,tonnes
2013-Q3,port_export_tonnes,Hay Point,PCI,0,tonnes
2013-Q4,port_export_tonnes,Hay Point,PCI,0,tonnes
2014-Q1,port_export_tonnes,Hay Point,PCI,0,tonnes
2014-Q2,port_export_tonnes,Hay Point,PCI,0,tonnes
2014-Q3,port_export_tonnes,Hay Point,PCI,0,tonnes
2014-Q4,port_export_tonnes,Hay Point,PCI,0,tonnes
2015-Q1,port_export_tonnes,Hay Point,PCI,0,tonnes
2015-Q2,port_export_tonnes,Hay Point,PCI,0,tonnes
2015-Q3,port_export_tonnes,Hay Point,PCI,0,tonnes
2015-Q4,port_export_tonnes,Hay Point,PCI,0,tonnes
2016-Q1,port_export_tonnes,Hay Point,PCI,0,tonnes
2016-Q2,port_export_tonnes,Hay Point,PCI,0,tonnes
2016-Q3,port_export_tonnes,Hay Point,PCI,0,tonnes
2016-Q4,port_export_tonnes,Hay Point,PCI,0,tonnes
2017-Q1,port_export_tonnes,Hay Point,PCI,0,tonnes
2017-Q2,port_export_tonnes,Hay Point,PCI,0,tonnes
2017-Q3,port_export_tonnes,Hay Point,PCI,0,tonnes
2017-Q4,port_export_tonnes,Hay Point,PCI,0,tonnes
2018-Q1,port_export_tonnes,Hay Point,PCI,0,tonnes
2018-Q2,port_export_tonnes,Hay Point,PCI,0,tonnes
2018-Q3,port_export_tonnes,Hay Point,PCI,0,tonnes
2018-Q4,port_export_tonnes,Hay Point,PCI,0,tonnes
2019-Q1,port_export_tonnes,Hay Point,PCI,0,tonnes
2019-Q2,port_export_tonnes,Hay Point,PCI,0,tonnes
2019-Q3,port_export_tonnes,Hay Point,PCI,0,tonnes
2019-Q4,port_export_tonnes,Hay Point,PCI,0,tonnes
2020-Q1,port_export_tonnes,Hay Point,PCI,0,tonnes
2020-Q2,port_export_tonnes,Hay Point,PCI,0,tonnes
2020-Q3,port_export_tonnes,Hay Point,PCI,0,tonnes
2020-Q4,port_export_tonnes,Hay Point,PCI,0,tonnes
2021-Q1,port_export_tonnes,Hay Point,PCI,0,tonnes
2021-Q2,port_export_tonnes,Hay Point,PCI,0,tonnes
2021-Q3,port_export_tonnes,Hay Point,PCI,0,tonnes
2021-Q4,port_export_tonnes,Hay Point,PCI,0,tonnes
2022-Q1,port_export_tonnes,Hay Point,PCI,1441079,tonnes
2022-Q2,port_export_tonnes,Hay Point,PCI,0,tonnes
2022-Q3,port_export_tonnes,Hay Point,PCI,0,tonnes
2022-Q4,port_export_tonnes,Hay Point,PCI,0,tonnes
2023-Q1,port_export_tonnes,Hay Point,PCI,0,tonnes
2023-Q2,port_export_tonnes,Hay Point,PCI,0,tonnes
2023-Q3,port_export_tonnes,Hay Point,PCI,0,tonnes
2023-Q4,port_export_tonnes,Hay Point,PCI,0,tonnes
2024-Q1,port_export_tonnes,Hay Point,PCI,0,tonnes
2024-Q2,port_export_tonnes,Hay Point,PCI,0,tonnes
2024-Q3,port_export_tonnes,Hay Point,PCI,0,tonnes
2024-Q4,port_export_tonnes,Hay Point,PCI,0,tonnes
2025-Q1,port_export_tonnes,Hay Point,PCI,0,tonnes
2025-Q2,port_export_tonnes,Hay Point,PCI,0,tonnes
2025-Q3,port_export_tonnes,Hay Point,PCI,0,tonnes
2025-Q4,port_export_tonnes,Hay Point,PCI,0,tonnes
2026-Q1,port_export_tonnes,Hay Point,PCI,0,tonnes
2010-Q1,port_export_tonnes,Hay Point,Semi-Soft Coking Coal,1116018,tonnes
2010-Q2,port_export_tonnes,Hay Point,Semi-Soft Coking Coal,1456327,tonnes
2010-Q3,port_export_tonnes,Hay Point,Semi-Soft Coking Coal,2206880,tonnes
2010-Q4,port_export_tonnes,Hay Point,Semi-Soft Coking Coal,1468607,tonnes
2011-Q1,port_export_tonnes,Hay Point,Semi-Soft Coking Coal,498829,tonnes
2011-Q2,port_export_tonnes,Hay Point,Semi-Soft Coking Coal,701956,tonnes
2011-Q3,port_export_tonnes,Hay Point,Semi-Soft Coking Coal,977771,tonnes
2011-Q4,port_export_tonnes,Hay Point,Semi-Soft Coking Coal,1056963,tonnes
2012-Q1,port_export_tonnes,Hay Point,Semi-Soft Coking Coal,1035676,tonnes
2012-Q2,port_export_tonnes,Hay Point,Semi-Soft Coking Coal,1188514,tonnes
2012-Q3,port_export_tonnes,Hay Point,Semi-Soft Coking Coal,1231218,tonnes
2012-Q4,port_export_tonnes,Hay Point,Semi-Soft Coking Coal,1494573,tonnes
2013-Q1,port_export_tonnes,Hay Point,Semi-Soft Coking Coal,1715827,tonnes
2013-Q2,port_export_tonnes,Hay Point,Semi-Soft Coking Coal,1556450,tonnes
2013-Q3,port_export_tonnes,Hay Point,Semi-Soft Coking Coal,1652851,tonnes
2013-Q4,port_export_tonnes,Hay Point,Semi-Soft Coking Coal,1896740,tonnes
2014-Q1,port_export_tonnes,Hay Point,Semi-Soft Coking Coal,2372692,tonnes
2014-Q2,port_export_tonnes,Hay Point,Semi-Soft Coking Coal,2039180,tonnes
2014-Q3,port_export_tonnes,Hay Point,Semi-Soft Coking Coal,1984551,tonnes
2014-Q4,port_export_tonnes,Hay Point,Semi-Soft Coking Coal,1935228,tonnes
2015-Q1,port_export_tonnes,Hay Point,Semi-Soft Coking Coal,1946622,tonnes
2015-Q2,port_export_tonnes,Hay Point,Semi-Soft Coking Coal,2406770,tonnes
2015-Q3,port_export_tonnes,Hay Point,Semi-Soft Coking Coal,2293982,tonnes
2015-Q4,port_export_tonnes,Hay Point,Semi-Soft Coking Coal,1698906,tonnes
2016-Q1,port_export_tonnes,Hay Point,Semi-Soft Coking Coal,2136181,tonnes
2016-Q2,port_export_tonnes,Hay Point,Semi-Soft Coking Coal,2534814,tonnes
2016-Q3,port_export_tonnes,Hay Point,Semi-Soft Coking Coal,2263600,tonnes
2016-Q4,port_export_tonnes,Hay Point,Semi-Soft Coking Coal,1284617,tonnes
2017-Q1,port_export_tonnes,Hay Point,Semi-Soft Coking Coal,2678913,tonnes
2017-Q2,port_export_tonnes,Hay Point,Semi-Soft Coking Coal,1744023,tonnes
2017-Q3,port_export_tonnes,Hay Point,Semi-Soft Coking Coal,2432170,tonnes
2017-Q4,port_export_tonnes,Hay Point,Semi-Soft Coking Coal,2244668,tonnes
2018-Q1,port_export_tonnes,Hay Point,Semi-Soft Coking Coal,2105274,tonnes
2018-Q2,port_export_tonnes,Hay Point,Semi-Soft Coking Coal,2065666,tonnes
2018-Q3,port_export_tonnes,Hay Point,Semi-Soft Coking Coal,2237483,tonnes
2018-Q4,port_export_tonnes,Hay Point,Semi-Soft Coking Coal,2124268,tonnes
2019-Q1,port_export_tonnes,Hay Point,Semi-Soft Coking Coal,2606861,tonnes
2019-Q2,port_export_tonnes,Hay Point,Semi-Soft Coking Coal,1937310,tonnes
2019-Q3,port_export_tonnes,Hay Point,Semi-Soft Coking Coal,1832134,tonnes
2019-Q4,port_export_tonnes,Hay Point,Semi-Soft Coking Coal,2413226,tonnes
2020-Q1,port_export_tonnes,Hay Point,Semi-Soft Coking Coal,2373479,tonnes
2020-Q2,port_export_tonnes,Hay Point,Semi-Soft Coking Coal,2020805,tonnes
2020-Q3,port_export_tonnes,Hay Point,Semi-Soft Coking Coal,1544519,tonnes
2020-Q4,port_export_tonnes,Hay Point,Semi-Soft Coking Coal,1667242,tonnes
2021-Q1,port_export_tonnes,Hay Point,Semi-Soft Coking Coal,1517303,tonnes
2021-Q2,port_export_tonnes,Hay Point,Semi-Soft Coking Coal,2267607,tonnes
2021-Q3,port_export_tonnes,Hay Point,Semi-Soft Coking Coal,1867862,tonnes
2021-Q4,port_export_tonnes,Hay Point,Semi-Soft Coking Coal,1778839,tonnes
2022-Q1,port_export_tonnes,Hay Point,Semi-Soft Coking Coal,216368,tonnes
2022-Q2,port_export_tonnes,Hay Point,Semi-Soft Coking Coal,321000,tonnes
2022-Q3,port_export_tonnes,Hay Point,Semi-Soft Coking Coal,0,tonnes
2022-Q4,port_export_tonnes,Hay Point,Semi-Soft Coking Coal,246969,tonnes
2023-Q1,port_export_tonnes,Hay Point,Semi-Soft Coking Coal,305880,tonnes
2023-Q2,port_export_tonnes,Hay Point,Semi-Soft Coking Coal,388952,tonnes
2023-Q3,port_export_tonnes,Hay Point,Semi-Soft Coking Coal,198257,tonnes
2023-Q4,port_export_tonnes,Hay Point,Semi-Soft Coking Coal,191050,tonnes
2024-Q1,port_export_tonnes,Hay Point,Semi-Soft Coking Coal,162789,tonnes
2024-Q2,port_export_tonnes,Hay Point,Semi-Soft Coking Coal,0,tonnes
2024-Q3,port_export_tonnes,Hay Point,Semi-Soft Coking Coal,0,tonnes
2024-Q4,port_export_tonnes,Hay Point,Semi-Soft Coking Coal,0,tonnes
2025-Q1,port_export_tonnes,Hay Point,Semi-Soft Coking Coal,0,tonnes
2025-Q2,port_export_tonnes,Hay Point,Semi-Soft Coking Coal,0,tonnes
2025-Q3,port_export_tonnes,Hay Point,Semi-Soft Coking Coal,0,tonnes
2025-Q4,port_export_tonnes,Hay Point,Semi-Soft Coking Coal,0,tonnes
2026-Q1,port_export_tonnes,Hay Point,Semi-Soft Coking Coal,0,tonnes
2010-Q1,port_export_tonnes,Hay Point,Thermal Coal,100351,tonnes
2010-Q2,port_export_tonnes,Hay Point,Thermal Coal,201120,tonnes
2010-Q3,port_export_tonnes,Hay Point,Thermal Coal,96642,tonnes
2010-Q4,port_export_tonnes,Hay Point,Thermal Coal,78876,tonnes
2011-Q1,port_export_tonnes,Hay Point,Thermal Coal,73252,tonnes
2011-Q2,port_export_tonnes,Hay Point,Thermal Coal,82500,tonnes
2011-Q3,port_export_tonnes,Hay Point,Thermal Coal,146220,tonnes
2011-Q4,port_export_tonnes,Hay Point,Thermal Coal,0,tonnes
2012-Q1,port_export_tonnes,Hay Point,Thermal Coal,72685,tonnes
2012-Q2,port_export_tonnes,Hay Point,Thermal Coal,0,tonnes
2012-Q3,port_export_tonnes,Hay Point,Thermal Coal,223621,tonnes
2012-Q4,port_export_tonnes,Hay Point,Thermal Coal,28470,tonnes
2013-Q1,port_export_tonnes,Hay Point,Thermal Coal,0,tonnes
2013-Q2,port_export_tonnes,Hay Point,Thermal Coal,0,tonnes
2013-Q3,port_export_tonnes,Hay Point,Thermal Coal,0,tonnes
2013-Q4,port_export_tonnes,Hay Point,Thermal Coal,0,tonnes
2014-Q1,port_export_tonnes,Hay Point,Thermal Coal,0,tonnes
2014-Q2,port_export_tonnes,Hay Point,Thermal Coal,0,tonnes
2014-Q3,port_export_tonnes,Hay Point,Thermal Coal,0,tonnes
2014-Q4,port_export_tonnes,Hay Point,Thermal Coal,0,tonnes
2015-Q1,port_export_tonnes,Hay Point,Thermal Coal,0,tonnes
2015-Q2,port_export_tonnes,Hay Point,Thermal Coal,0,tonnes
2015-Q3,port_export_tonnes,Hay Point,Thermal Coal,0,tonnes
2015-Q4,port_export_tonnes,Hay Point,Thermal Coal,0,tonnes
2016-Q1,port_export_tonnes,Hay Point,Thermal Coal,0,tonnes
2016-Q2,port_export_tonnes,Hay Point,Thermal Coal,0,tonnes
2016-Q3,port_export_tonnes,Hay Point,Thermal Coal,0,tonnes
2016-Q4,port_export_tonnes,Hay Point,Thermal Coal,0,tonnes
2017-Q1,port_export_tonnes,Hay Point,Thermal Coal,0,tonnes
2017-Q2,port_export_tonnes,Hay Point,Thermal Coal,0,tonnes
2017-Q3,port_export_tonnes,Hay Point,Thermal Coal,0,tonnes
2017-Q4,port_export_tonnes,Hay Point,Thermal Coal,0,tonnes
2018-Q1,port_export_tonnes,Hay Point,Thermal Coal,0,tonnes
2018-Q2,port_export_tonnes,Hay Point,Thermal Coal,0,tonnes
2018-Q3,port_export_tonnes,Hay Point,Thermal Coal,0,tonnes
2018-Q4,port_export_tonnes,Hay Point,Thermal Coal,0,tonnes
2019-Q1,port_export_tonnes,Hay Point,Thermal Coal,0,tonnes
2019-Q2,port_export_tonnes,Hay Point,Thermal Coal,300768,tonnes
2019-Q3,port_export_tonnes,Hay Point,Thermal Coal,0,tonnes
2019-Q4,port_export_tonnes,Hay Point,Thermal Coal,11541,tonnes
2020-Q1,port_export_tonnes,Hay Point,Thermal Coal,407816,tonnes
2020-Q2,port_export_tonnes,Hay Point,Thermal Coal,236678,tonnes
2020-Q3,port_export_tonnes,Hay Point,Thermal Coal,0,tonnes
2020-Q4,port_export_tonnes,Hay Point,Thermal Coal,0,tonnes
2021-Q1,port_export_tonnes,Hay Point,Thermal Coal,197413,tonnes
2021-Q2,port_export_tonnes,Hay Point,Thermal Coal,296388,tonnes
2021-Q3,port_export_tonnes,Hay Point,Thermal Coal,622632,tonnes
2021-Q4,port_export_tonnes,Hay Point,Thermal Coal,516191,tonnes
2022-Q1,port_export_tonnes,Hay Point,Thermal Coal,725543,tonnes
2022-Q2,port_export_tonnes,Hay Point,Thermal Coal,926031,tonnes
2022-Q3,port_export_tonnes,Hay Point,Thermal Coal,328074,tonnes
2022-Q4,port_export_tonnes,Hay Point,Thermal Coal,462405,tonnes
2023-Q1,port_export_tonnes,Hay Point,Thermal Coal,78511,tonnes
2023-Q2,port_export_tonnes,Hay Point,Thermal Coal,326871,tonnes
2023-Q3,port_export_tonnes,Hay Point,Thermal Coal,240541,tonnes
2023-Q4,port_export_tonnes,Hay Point,Thermal Coal,251447,tonnes
2024-Q1,port_export_tonnes,Hay Point,Thermal Coal,0,tonnes
2024-Q2,port_export_tonnes,Hay Point,Thermal Coal,0,tonnes
2024-Q3,port_export_tonnes,Hay Point,Thermal Coal,0,tonnes
2024-Q4,port_export_tonnes,Hay Point,Thermal Coal,62534,tonnes
2025-Q1,port_export_tonnes,Hay Point,Thermal Coal,165120,tonnes
2025-Q2,port_export_tonnes,Hay Point,Thermal Coal,343452,tonnes
2025-Q3,port_export_tonnes,Hay Point,Thermal Coal,88000,tonnes
2025-Q4,port_export_tonnes,Hay Point,Thermal Coal,221603,tonnes
2026-Q1,port_export_tonnes,Hay Point,Thermal Coal,20103,tonnes
2010-Q1,port_export_tonnes,Port of Brisbane,Thermal Coal,1788824,tonnes
2010-Q2,port_export_tonnes,Port of Brisbane,Thermal Coal,1637752,tonnes
2010-Q3,port_export_tonnes,Port of Brisbane,Thermal Coal,2191789,tonnes
2010-Q4,port_export_tonnes,Port of Brisbane,Thermal Coal,1787477,tonnes
2011-Q1,port_export_tonnes,Port of Brisbane,Thermal Coal,647595,tonnes
2011-Q2,port_export_tonnes,Port of Brisbane,Thermal Coal,1987803,tonnes
2011-Q3,port_export_tonnes,Port of Brisbane,Thermal Coal,2116292,tonnes
2011-Q4,port_export_tonnes,Port of Brisbane,Thermal Coal,2191478,tonnes
2012-Q1,port_export_tonnes,Port of Brisbane,Thermal Coal,2209616,tonnes
2012-Q2,port_export_tonnes,Port of Brisbane,Thermal Coal,2393439,tonnes
2012-Q3,port_export_tonnes,Port of Brisbane,Thermal Coal,1958253,tonnes
2012-Q4,port_export_tonnes,Port of Brisbane,Thermal Coal,2305284,tonnes
2013-Q1,port_export_tonnes,Port of Brisbane,Thermal Coal,1750836,tonnes
2013-Q2,port_export_tonnes,Port of Brisbane,Thermal Coal,2291199,tonnes
2013-Q3,port_export_tonnes,Port of Brisbane,Thermal Coal,2502560,tonnes
2013-Q4,port_export_tonnes,Port of Brisbane,Thermal Coal,2048373,tonnes
2014-Q1,port_export_tonnes,Port of Brisbane,Thermal Coal,1677619,tonnes
2014-Q2,port_export_tonnes,Port of Brisbane,Thermal Coal,1794575,tonnes
2014-Q3,port_export_tonnes,Port of Brisbane,Thermal Coal,1954282,tonnes
2014-Q4,port_export_tonnes,Port of Brisbane,Thermal Coal,1699718,tonnes
2015-Q1,port_export_tonnes,Port of Brisbane,Thermal Coal,1793724,tonnes
2015-Q2,port_export_tonnes,Port of Brisbane,Thermal Coal,1791163,tonnes
2015-Q3,port_export_tonnes,Port of Brisbane,Thermal Coal,1665164,tonnes
2015-Q4,port_export_tonnes,Port of Brisbane,Thermal Coal,1782673,tonnes
2016-Q1,port_export_tonnes,Port of Brisbane,Thermal Coal,1787578,tonnes
2016-Q2,port_export_tonnes,Port of Brisbane,Thermal Coal,1596872,tonnes
2016-Q3,port_export_tonnes,Port of Brisbane,Thermal Coal,1733797,tonnes
2016-Q4,port_export_tonnes,Port of Brisbane,Thermal Coal,1488088,tonnes
2017-Q1,port_export_tonnes,Port of Brisbane,Thermal Coal,1706683,tonnes
2017-Q2,port_export_tonnes,Port of Brisbane,Thermal Coal,1840922,tonnes
2017-Q3,port_export_tonnes,Port of Brisbane,Thermal Coal,1811794,tonnes
2017-Q4,port_export_tonnes,Port of Brisbane,Thermal Coal,2025756,tonnes
2018-Q1,port_export_tonnes,Port of Brisbane,Thermal Coal,1753084,tonnes
2018-Q2,port_export_tonnes,Port of Brisbane,Thermal Coal,1715028,tonnes
2018-Q3,port_export_tonnes,Port of Brisbane,Thermal Coal,1579050,tonnes
2018-Q4,port_export_tonnes,Port of Brisbane,Thermal Coal,1876634,tonnes
2019-Q1,port_export_tonnes,Port of Brisbane,Thermal Coal,1739330,tonnes
2019-Q2,port_export_tonnes,Port of Brisbane,Thermal Coal,1577885,tonnes
2019-Q3,port_export_tonnes,Port of Brisbane,Thermal Coal,1746561,tonnes
2019-Q4,port_export_tonnes,Port of Brisbane,Thermal Coal,1433194,tonnes
2020-Q1,port_export_tonnes,Port of Brisbane,Thermal Coal,745145,tonnes
2020-Q2,port_export_tonnes,Port of Brisbane,Thermal Coal,916365,tonnes
2020-Q3,port_export_tonnes,Port of Brisbane,Thermal Coal,1048421,tonnes
2020-Q4,port_export_tonnes,Port of Brisbane,Thermal Coal,1051087,tonnes
2021-Q1,port_export_tonnes,Port of Brisbane,Thermal Coal,930837,tonnes
2021-Q2,port_export_tonnes,Port of Brisbane,Thermal Coal,345054,tonnes
2021-Q3,port_export_tonnes,Port of Brisbane,Thermal Coal,583004,tonnes
2021-Q4,port_export_tonnes,Port of Brisbane,Thermal Coal,186163,tonnes
2022-Q1,port_export_tonnes,Port of Brisbane,Thermal Coal,470468,tonnes
2022-Q2,port_export_tonnes,Port of Brisbane,Thermal Coal,598595,tonnes
2022-Q3,port_export_tonnes,Port of Brisbane,Thermal Coal,525540,tonnes
2022-Q4,port_export_tonnes,Port of Brisbane,Thermal Coal,513774,tonnes
2023-Q1,port_export_tonnes,Port of Brisbane,Thermal Coal,487364,tonnes
2023-Q2,port_export_tonnes,Port of Brisbane,Thermal Coal,533234,tonnes
2023-Q3,port_export_tonnes,Port of Brisbane,Thermal Coal,520203,tonnes
2023-Q4,port_export_tonnes,Port of Brisbane,Thermal Coal,764081,tonnes
2024-Q1,port_export_tonnes,Port of Brisbane,Thermal Coal,812360,tonnes
2024-Q2,port_export_tonnes,Port of Brisbane,Thermal Coal,967081,tonnes
2024-Q3,port_export_tonnes,Port of Brisbane,Thermal Coal,1014449,tonnes
2024-Q4,port_export_tonnes,Port of Brisbane,Thermal Coal,1310891,tonnes
2025-Q1,port_export_tonnes,Port of Brisbane,Thermal Coal,1107256,tonnes
2025-Q2,port_export_tonnes,Port of Brisbane,Thermal Coal,1523308,tonnes
2025-Q3,port_export_tonnes,Port of Brisbane,Thermal Coal,1515467,tonnes
2025-Q4,port_export_tonnes,Port of Brisbane,Thermal Coal,1323187,tonnes
2026-Q1,port_export_tonnes,Port of Brisbane,Thermal Coal,1517202,tonnes
2010-Q1,port_export_tonnes,Unspecified,Hard Coking Coal,0,tonnes
2010-Q2,port_export_tonnes,Unspecified,Hard Coking Coal,0,tonnes
2010-Q3,port_export_tonnes,Unspecified,Hard Coking Coal,0,tonnes
2010-Q4,port_export_tonnes,Unspecified,Hard Coking Coal,0,tonnes
2011-Q1,port_export_tonnes,Unspecified,Hard Coking Coal,0,tonnes
2011-Q2,port_export_tonnes,Unspecified,Hard Coking Coal,0,tonnes
2011-Q3,port_export_tonnes,Unspecified,Hard Coking Coal,0,tonnes
2011-Q4,port_export_tonnes,Unspecified,Hard Coking Coal,0,tonnes
2012-Q1,port_export_tonnes,Unspecified,Hard Coking Coal,0,tonnes
2012-Q2,port_export_tonnes,Unspecified,Hard Coking Coal,0,tonnes
2012-Q3,port_export_tonnes,Unspecified,Hard Coking Coal,0,tonnes
2012-Q4,port_export_tonnes,Unspecified,Hard Coking Coal,7014,tonnes
2013-Q1,port_export_tonnes,Unspecified,Hard Coking Coal,0,tonnes
2013-Q2,port_export_tonnes,Unspecified,Hard Coking Coal,0,tonnes
2013-Q3,port_export_tonnes,Unspecified,Hard Coking Coal,0,tonnes
2013-Q4,port_export_tonnes,Unspecified,Hard Coking Coal,0,tonnes
2014-Q1,port_export_tonnes,Unspecified,Hard Coking Coal,0,tonnes
2014-Q2,port_export_tonnes,Unspecified,Hard Coking Coal,0,tonnes
2014-Q3,port_export_tonnes,Unspecified,Hard Coking Coal,0,tonnes
2014-Q4,port_export_tonnes,Unspecified,Hard Coking Coal,0,tonnes
2015-Q1,port_export_tonnes,Unspecified,Hard Coking Coal,0,tonnes
2015-Q2,port_export_tonnes,Unspecified,Hard Coking Coal,0,tonnes
2015-Q3,port_export_tonnes,Unspecified,Hard Coking Coal,0,tonnes
2015-Q4,port_export_tonnes,Unspecified,Hard Coking Coal,0,tonnes
2016-Q1,port_export_tonnes,Unspecified,Hard Coking Coal,0,tonnes
2016-Q2,port_export_tonnes,Unspecified,Hard Coking Coal,0,tonnes
2016-Q3,port_export_tonnes,Unspecified,Hard Coking Coal,0,tonnes
2016-Q4,port_export_tonnes,Unspecified,Hard Coking Coal,0,tonnes
2017-Q1,port_export_tonnes,Unspecified,Hard Coking Coal,0,tonnes
2017-Q2,port_export_tonnes,Unspecified,Hard Coking Coal,0,tonnes
2017-Q3,port_export_tonnes,Unspecified,Hard Coking Coal,0,tonnes
2017-Q4,port_export_tonnes,Unspecified,Hard Coking Coal,0,tonnes
2018-Q1,port_export_tonnes,Unspecified,Hard Coking Coal,0,tonnes
2018-Q2,port_export_tonnes,Unspecified,Hard Coking Coal,0,tonnes
2018-Q3,port_export_tonnes,Unspecified,Hard Coking Coal,0,tonnes
2018-Q4,port_export_tonnes,Unspecified,Hard Coking Coal,0,tonnes
2019-Q1,port_export_tonnes,Unspecified,Hard Coking Coal,0,tonnes
2019-Q2,port_export_tonnes,Unspecified,Hard Coking Coal,0,tonnes
2019-Q3,port_export_tonnes,Unspecified,Hard Coking Coal,0,tonnes
2019-Q4,port_export_tonnes,Unspecified,Hard Coking Coal,0,tonnes
2020-Q1,port_export_tonnes,Unspecified,Hard Coking Coal,0,tonnes
2020-Q2,port_export_tonnes,Unspecified,Hard Coking Coal,0,tonnes
2020-Q3,port_export_tonnes,Unspecified,Hard Coking Coal,0,tonnes
2020-Q4,port_export_tonnes,Unspecified,Hard Coking Coal,0,tonnes
2021-Q1,port_export_tonnes,Unspecified,Hard Coking Coal,75814,tonnes
2021-Q2,port_export_tonnes,Unspecified,Hard Coking Coal,570815,tonnes
2021-Q3,port_export_tonnes,Unspecified,Hard Coking Coal,266192,tonnes
2021-Q4,port_export_tonnes,Unspecified,Hard Coking Coal,0,tonnes
2022-Q1,port_export_tonnes,Unspecified,Hard Coking Coal,0,tonnes
2022-Q2,port_export_tonnes,Unspecified,Hard Coking Coal,0,tonnes
2022-Q3,port_export_tonnes,Unspecified,Hard Coking Coal,0,tonnes
2022-Q4,port_export_tonnes,Unspecified,Hard Coking Coal,0,tonnes
2023-Q1,port_export_tonnes,Unspecified,Hard Coking Coal,0,tonnes
2023-Q2,port_export_tonnes,Unspecified,Hard Coking Coal,0,tonnes
2023-Q3,port_export_tonnes,Unspecified,Hard Coking Coal,0,tonnes
2023-Q4,port_export_tonnes,Unspecified,Hard Coking Coal,0,tonnes
2024-Q1,port_export_tonnes,Unspecified,Hard Coking Coal,0,tonnes
2024-Q2,port_export_tonnes,Unspecified,Hard Coking Coal,0,tonnes
2024-Q3,port_export_tonnes,Unspecified,Hard Coking Coal,0,tonnes
2024-Q4,port_export_tonnes,Unspecified,Hard Coking Coal,0,tonnes
2025-Q1,port_export_tonnes,Unspecified,Hard Coking Coal,0,tonnes
2025-Q2,port_export_tonnes,Unspecified,Hard Coking Coal,0,tonnes
2025-Q3,port_export_tonnes,Unspecified,Hard Coking Coal,51446,tonnes
2025-Q4,port_export_tonnes,Unspecified,Hard Coking Coal,0,tonnes
2026-Q1,port_export_tonnes,Unspecified,Hard Coking Coal,0,tonnes
2010-Q1,port_export_tonnes,Unspecified,Semi-Soft Coking Coal,0,tonnes
2010-Q2,port_export_tonnes,Unspecified,Semi-Soft Coking Coal,0,tonnes
2010-Q3,port_export_tonnes,Unspecified,Semi-Soft Coking Coal,0,tonnes
2010-Q4,port_export_tonnes,Unspecified,Semi-Soft Coking Coal,0,tonnes
2011-Q1,port_export_tonnes,Unspecified,Semi-Soft Coking Coal,0,tonnes
2011-Q2,port_export_tonnes,Unspecified,Semi-Soft Coking Coal,0,tonnes
2011-Q3,port_export_tonnes,Unspecified,Semi-Soft Coking Coal,0,tonnes
2011-Q4,port_export_tonnes,Unspecified,Semi-Soft Coking Coal,0,tonnes
2012-Q1,port_export_tonnes,Unspecified,Semi-Soft Coking Coal,0,tonnes
2012-Q2,port_export_tonnes,Unspecified,Semi-Soft Coking Coal,0,tonnes
2012-Q3,port_export_tonnes,Unspecified,Semi-Soft Coking Coal,0,tonnes
2012-Q4,port_export_tonnes,Unspecified,Semi-Soft Coking Coal,0,tonnes
2013-Q1,port_export_tonnes,Unspecified,Semi-Soft Coking Coal,0,tonnes
2013-Q2,port_export_tonnes,Unspecified,Semi-Soft Coking Coal,0,tonnes
2013-Q3,port_export_tonnes,Unspecified,Semi-Soft Coking Coal,0,tonnes
2013-Q4,port_export_tonnes,Unspecified,Semi-Soft Coking Coal,0,tonnes
2014-Q1,port_export_tonnes,Unspecified,Semi-Soft Coking Coal,0,tonnes
2014-Q2,port_export_tonnes,Unspecified,Semi-Soft Coking Coal,0,tonnes
2014-Q3,port_export_tonnes,Unspecified,Semi-Soft Coking Coal,0,tonnes
2014-Q4,port_export_tonnes,Unspecified,Semi-Soft Coking Coal,0,tonnes
2015-Q1,port_export_tonnes,Unspecified,Semi-Soft Coking Coal,0,tonnes
2015-Q2,port_export_tonnes,Unspecified,Semi-Soft Coking Coal,0,tonnes
2015-Q3,port_export_tonnes,Unspecified,Semi-Soft Coking Coal,0,tonnes
2015-Q4,port_export_tonnes,Unspecified,Semi-Soft Coking Coal,0,tonnes
2016-Q1,port_export_tonnes,Unspecified,Semi-Soft Coking Coal,0,tonnes
2016-Q2,port_export_tonnes,Unspecified,Semi-Soft Coking Coal,0,tonnes
2016-Q3,port_export_tonnes,Unspecified,Semi-Soft Coking Coal,0,tonnes
2016-Q4,port_export_tonnes,Unspecified,Semi-Soft Coking Coal,0,tonnes
2017-Q1,port_export_tonnes,Unspecified,Semi-Soft Coking Coal,0,tonnes
2017-Q2,port_export_tonnes,Unspecified,Semi-Soft Coking Coal,0,tonnes
2017-Q3,port_export_tonnes,Unspecified,Semi-Soft Coking Coal,0,tonnes
2017-Q4,port_export_tonnes,Unspecified,Semi-Soft Coking Coal,0,tonnes
2018-Q1,port_export_tonnes,Unspecified,Semi-Soft Coking Coal,0,tonnes
2018-Q2,port_export_tonnes,Unspecified,Semi-Soft Coking Coal,0,tonnes
2018-Q3,port_export_tonnes,Unspecified,Semi-Soft Coking Coal,0,tonnes
2018-Q4,port_export_tonnes,Unspecified,Semi-Soft Coking Coal,11020,tonnes
2019-Q1,port_export_tonnes,Unspecified,Semi-Soft Coking Coal,0,tonnes
2019-Q2,port_export_tonnes,Unspecified,Semi-Soft Coking Coal,0,tonnes
2019-Q3,port_export_tonnes,Unspecified,Semi-Soft Coking Coal,0,tonnes
2019-Q4,port_export_tonnes,Unspecified,Semi-Soft Coking Coal,83348,tonnes
2020-Q1,port_export_tonnes,Unspecified,Semi-Soft Coking Coal,0,tonnes
2020-Q2,port_export_tonnes,Unspecified,Semi-Soft Coking Coal,0,tonnes
2020-Q3,port_export_tonnes,Unspecified,Semi-Soft Coking Coal,0,tonnes
2020-Q4,port_export_tonnes,Unspecified,Semi-Soft Coking Coal,0,tonnes
2021-Q1,port_export_tonnes,Unspecified,Semi-Soft Coking Coal,0,tonnes
2021-Q2,port_export_tonnes,Unspecified,Semi-Soft Coking Coal,25933,tonnes
2021-Q3,port_export_tonnes,Unspecified,Semi-Soft Coking Coal,0,tonnes
2021-Q4,port_export_tonnes,Unspecified,Semi-Soft Coking Coal,0,tonnes
2022-Q1,port_export_tonnes,Unspecified,Semi-Soft Coking Coal,0,tonnes
2022-Q2,port_export_tonnes,Unspecified,Semi-Soft Coking Coal,0,tonnes
2022-Q3,port_export_tonnes,Unspecified,Semi-Soft Coking Coal,0,tonnes
2022-Q4,port_export_tonnes,Unspecified,Semi-Soft Coking Coal,0,tonnes
2023-Q1,port_export_tonnes,Unspecified,Semi-Soft Coking Coal,0,tonnes
2023-Q2,port_export_tonnes,Unspecified,Semi-Soft Coking Coal,0,tonnes
2023-Q3,port_export_tonnes,Unspecified,Semi-Soft Coking Coal,0,tonnes
2023-Q4,port_export_tonnes,Unspecified,Semi-Soft Coking Coal,0,tonnes
2024-Q1,port_export_tonnes,Unspecified,Semi-Soft Coking Coal,0,tonnes
2024-Q2,port_export_tonnes,Unspecified,Semi-Soft Coking Coal,0,tonnes
2024-Q3,port_export_tonnes,Unspecified,Semi-Soft Coking Coal,0,tonnes
2024-Q4,port_export_tonnes,Unspecified,Semi-Soft Coking Coal,0,tonnes
2025-Q1,port_export_tonnes,Unspecified,Semi-Soft Coking Coal,0,tonnes
2025-Q2,port_export_tonnes,Unspecified,Semi-Soft Coking Coal,0,tonnes
2025-Q3,port_export_tonnes,Unspecified,Semi-Soft Coking Coal,0,tonnes
2025-Q4,port_export_tonnes,Unspecified,Semi-Soft Coking Coal,0,tonnes
2026-Q1,port_export_tonnes,Unspecified,Semi-Soft Coking Coal,0,tonnes
2010-Q1,port_export_tonnes,Unspecified,Thermal Coal,0,tonnes
2010-Q2,port_export_tonnes,Unspecified,Thermal Coal,0,tonnes
2010-Q3,port_export_tonnes,Unspecified,Thermal Coal,0,tonnes
2010-Q4,port_export_tonnes,Unspecified,Thermal Coal,0,tonnes
2011-Q1,port_export_tonnes,Unspecified,Thermal Coal,0,tonnes
2011-Q2,port_export_tonnes,Unspecified,Thermal Coal,0,tonnes
2011-Q3,port_export_tonnes,Unspecified,Thermal Coal,0,tonnes
2011-Q4,port_export_tonnes,Unspecified,Thermal Coal,0,tonnes
2012-Q1,port_export_tonnes,Unspecified,Thermal Coal,0,tonnes
2012-Q2,port_export_tonnes,Unspecified,Thermal Coal,0,tonnes
2012-Q3,port_export_tonnes,Unspecified,Thermal Coal,0,tonnes
2012-Q4,port_export_tonnes,Unspecified,Thermal Coal,0,tonnes
2013-Q1,port_export_tonnes,Unspecified,Thermal Coal,0,tonnes
2013-Q2,port_export_tonnes,Unspecified,Thermal Coal,0,tonnes
2013-Q3,port_export_tonnes,Unspecified,Thermal Coal,0,tonnes
2013-Q4,port_export_tonnes,Unspecified,Thermal Coal,0,tonnes
2014-Q1,port_export_tonnes,Unspecified,Thermal Coal,0,tonnes
2014-Q2,port_export_tonnes,Unspecified,Thermal Coal,0,tonnes
2014-Q3,port_export_tonnes,Unspecified,Thermal Coal,0,tonnes
2014-Q4,port_export_tonnes,Unspecified,Thermal Coal,0,tonnes
2015-Q1,port_export_tonnes,Unspecified,Thermal Coal,0,tonnes
2015-Q2,port_export_tonnes,Unspecified,Thermal Coal,0,tonnes
2015-Q3,port_export_tonnes,Unspecified,Thermal Coal,0,tonnes
2015-Q4,port_export_tonnes,Unspecified,Thermal Coal,0,tonnes
2016-Q1,port_export_tonnes,Unspecified,Thermal Coal,0,tonnes
2016-Q2,port_export_tonnes,Unspecified,Thermal Coal,0,tonnes
2016-Q3,port_export_tonnes,Unspecified,Thermal Coal,0,tonnes
2016-Q4,port_export_tonnes,Unspecified,Thermal Coal,0,tonnes
2017-Q1,port_export_tonnes,Unspecified,Thermal Coal,0,tonnes
2017-Q2,port_export_tonnes,Unspecified,Thermal Coal,0,tonnes
2017-Q3,port_export_tonnes,Unspecified,Thermal Coal,0,tonnes
2017-Q4,port_export_tonnes,Unspecified,Thermal Coal,0,tonnes
2018-Q1,port_export_tonnes,Unspecified,Thermal Coal,0,tonnes
2018-Q2,port_export_tonnes,Unspecified,Thermal Coal,0,tonnes
2018-Q3,port_export_tonnes,Unspecified,Thermal Coal,83444,tonnes
2018-Q4,port_export_tonnes,Unspecified,Thermal Coal,0,tonnes
2019-Q1,port_export_tonnes,Unspecified,Thermal Coal,0,tonnes
2019-Q2,port_export_tonnes,Unspecified,Thermal Coal,0,tonnes
2019-Q3,port_export_tonnes,Unspecified,Thermal Coal,0,tonnes
2019-Q4,port_export_tonnes,Unspecified,Thermal Coal,0,tonnes
2020-Q1,port_export_tonnes,Unspecified,Thermal Coal,0,tonnes
2020-Q2,port_export_tonnes,Unspecified,Thermal Coal,0,tonnes
2020-Q3,port_export_tonnes,Unspecified,Thermal Coal,0,tonnes
2020-Q4,port_export_tonnes,Unspecified,Thermal Coal,0,tonnes
2021-Q1,port_export_tonnes,Unspecified,Thermal Coal,65417,tonnes
2021-Q2,port_export_tonnes,Unspecified,Thermal Coal,433110,tonnes
2021-Q3,port_export_tonnes,Unspecified,Thermal Coal,495147,tonnes
2021-Q4,port_export_tonnes,Unspecified,Thermal Coal,409758,tonnes
2022-Q1,port_export_tonnes,Unspecified,Thermal Coal,0,tonnes
2022-Q2,port_export_tonnes,Unspecified,Thermal Coal,0,tonnes
2022-Q3,port_export_tonnes,Unspecified,Thermal Coal,0,tonnes
2022-Q4,port_export_tonnes,Unspecified,Thermal Coal,0,tonnes
2023-Q1,port_export_tonnes,Unspecified,Thermal Coal,0,tonnes
2023-Q2,port_export_tonnes,Unspecified,Thermal Coal,0,tonnes
2023-Q3,port_export_tonnes,Unspecified,Thermal Coal,0,tonnes
2023-Q4,port_export_tonnes,Unspecified,Thermal Coal,0,tonnes
2024-Q1,port_export_tonnes,Unspecified,Thermal Coal,0,tonnes
2024-Q2,port_export_tonnes,Unspecified,Thermal Coal,0,tonnes
2024-Q3,port_export_tonnes,Unspecified,Thermal Coal,0,tonnes
2024-Q4,port_export_tonnes,Unspecified,Thermal Coal,0,tonnes
2025-Q1,port_export_tonnes,Unspecified,Thermal Coal,0,tonnes
2025-Q2,port_export_tonnes,Unspecified,Thermal Coal,0,tonnes
2025-Q3,port_export_tonnes,Unspecified,Thermal Coal,28903,tonnes
2025-Q4,port_export_tonnes,Unspecified,Thermal Coal,74580,tonnes
2026-Q1,port_export_tonnes,Unspecified,Thermal Coal,32749,tonnes
2022-Q1,domestic_sales,Coal Mining,,352080,tonnes
2022-Q2,domestic_sales,Coal Mining,,518388,tonnes
2022-Q3,domestic_sales,Coal Mining,,424411,tonnes
2022-Q4,domestic_sales,Coal Mining,,750157,tonnes
2023-Q1,domestic_sales,Coal Mining,,1160862,tonnes
2023-Q2,domestic_sales,Coal Mining,,1078770,tonnes
2023-Q3,domestic_sales,Coal Mining,,1007352,tonnes
2023-Q4,domestic_sales,Coal Mining,,959950,tonnes
2024-Q1,domestic_sales,Coal Mining,,1117943,tonnes
2024-Q2,domestic_sales,Coal Mining,,1031162,tonnes
2024-Q3,domestic_sales,Coal Mining,,916574,tonnes
2024-Q4,domestic_sales,Coal Mining,,812362,tonnes
2025-Q1,domestic_sales,Coal Mining,,324588,tonnes
2025-Q2,domestic_sales,Coal Mining,,653655,tonnes
2025-Q3,domestic_sales,Coal Mining,,849190,tonnes
2025-Q4,domestic_sales,Coal Mining,,845000,tonnes
2026-Q1,domestic_sales,Coal Mining,,375950,tonnes
2022-Q1,domestic_sales,Electricity Generation,,4282657,tonnes
2022-Q2,domestic_sales,Electricity Generation,,4650832,tonnes
2022-Q3,domestic_sales,Electricity Generation,,5579654,tonnes
2022-Q4,domestic_sales,Electricity Generation,,5723038,tonnes
2023-Q1,domestic_sales,Electricity Generation,,5192022,tonnes
2023-Q2,domestic_sales,Electricity Generation,,5098695,tonnes
2023-Q3,domestic_sales,Electricity Generation,,5338499,tonnes
2023-Q4,domestic_sales,Electricity Generation,,4916948,tonnes
2024-Q1,domestic_sales,Electricity Generation,,5107111,tonnes
2024-Q2,domestic_sales,Electricity Generation,,5173362,tonnes
2024-Q3,domestic_sales,Electricity Generation,,4664113,tonnes
2024-Q4,domestic_sales,Electricity Generation,,5159449,tonnes
2025-Q1,domestic_sales,Electricity Generation,,5510595,tonnes
2025-Q2,domestic_sales,Electricity Generation,,5229322,tonnes
2025-Q3,domestic_sales,Electricity Generation,,5085440,tonnes
2025-Q4,domestic_sales,Electricity Generation,,5199987,tonnes
2026-Q1,domestic_sales,Electricity Generation,,5808448,tonnes
2022-Q1,domestic_sales,Other,,998159,tonnes
2022-Q2,domestic_sales,Other,,435096,tonnes
2022-Q3,domestic_sales,Other,,318818,tonnes
2022-Q4,domestic_sales,Other,,281431,tonnes
2023-Q1,domestic_sales,Other,,337940,tonnes
2023-Q2,domestic_sales,Other,,336272,tonnes
2023-Q3,domestic_sales,Other,,98346,tonnes
2023-Q4,domestic_sales,Other,,180978,tonnes
2024-Q1,domestic_sales,Other,,84133,tonnes
2024-Q2,domestic_sales,Other,,148529,tonnes
2024-Q3,domestic_sales,Other,,212246,tonnes
2024-Q4,domestic_sales,Other,,228799,tonnes
2025-Q1,domestic_sales,Other,,170346,tonnes
2025-Q2,domestic_sales,Other,,180659,tonnes
2025-Q3,domestic_sales,Other,,345872,tonnes
2025-Q4,domestic_sales,Other,,351981,tonnes
2026-Q1,domestic_sales,Other,,407400,tonnes
2022-Q1,domestic_sales,Primary Metal and Metal Product Manufacturing,,816615,tonnes
2022-Q2,domestic_sales,Primary Metal and Metal Product Manufacturing,,363667,tonnes
2022-Q3,domestic_sales,Primary Metal and Metal Product Manufacturing,,500473,tonnes
2022-Q4,domestic_sales,Primary Metal and Metal Product Manufacturing,,468961,tonnes
2023-Q1,domestic_sales,Primary Metal and Metal Product Manufacturing,,545301,tonnes
2023-Q2,domestic_sales,Primary Metal and Metal Product Manufacturing,,402848,tonnes
2023-Q3,domestic_sales,Primary Metal and Metal Product Manufacturing,,450743,tonnes
2023-Q4,domestic_sales,Primary Metal and Metal Product Manufacturing,,319002,tonnes
2024-Q1,domestic_sales,Primary Metal and Metal Product Manufacturing,,439106,tonnes
2024-Q2,domestic_sales,Primary Metal and Metal Product Manufacturing,,321819,tonnes
2024-Q3,domestic_sales,Primary Metal and Metal Product Manufacturing,,620469,tonnes
2024-Q4,domestic_sales,Primary Metal and Metal Product Manufacturing,,365028,tonnes
2025-Q1,domestic_sales,Primary Metal and Metal Product Manufacturing,,456287,tonnes
2025-Q2,domestic_sales,Primary Metal and Metal Product Manufacturing,,463043,tonnes
2025-Q3,domestic_sales,Primary Metal and Metal Product Manufacturing,,382242,tonnes
2025-Q4,domestic_sales,Primary Metal and Metal Product Manufacturing,,286864,tonnes
2026-Q1,domestic_sales,Primary Metal and Metal Product Manufacturing,,82968,tonnes
